 , , , , ,HEC, , , , , , , , , , , , , , , , , , , , , , , , , , , , , , , , , , , , , , , , , , , , , , , , , , , , , , , , , , , , , , , , , 
 , , , , , , , , , , , , , , , , , , , , , , , , , , , , , , , , , , , , , , , , , , , , , , , , , , , , , , , , , , , , , , , , , , ,실행,실행,입찰,입찰
 , , , , ,Cat. 1,Cat. 2,Cat. 3, ,Structural Foundations, , , , , , , , , , , , , , , , , , , , , , , , , , , , , , , , , , , , , , , , , , , , , , , , , , , , , , , , , , , , , 
Work Group,aWBS L01,aWBS L02,aWBS L03,단위, , , , , ,FT111_SOG_THK.200_Foundation Slab, , , , ,FT121_SOG_THK.400_ACCU PAD, , , , ,FT211_Footing-Rectangular, , , , ,FT131_Pile Cap-4 Pile, , , , ,FT132_Pile Cap-2 Pile, , , , ,FT133_Pile Cap-3 Pile, , , , ,FT151_Pile-Round Concrete, , , , ,FT152_Pile-Rectangular Concrete, , , , ,FT155_Pile-Steel Pipe, , , , ,FT113_Wall Foundation, , , , , , , , , , , ,설명,계산모듈 Type,계산모듈,계산모듈 Type
 , , , , , , , , , ,9,select,기본형상,목적형상,calc,14,select,기본형상,목적형상,calc,8,select,기본형상,목적형상,calc,15,select,기본형상,목적형상,calc,0,select,filter,take,calc,0,select,filter,take,calc,0,select,filter,take,calc,0,select,filter,take,calc,0,select,filter,take,calc,0,select,filter,take,calc, ,select,filter,take,calc, , , , , , 
 , , , , , , , , , , , , , , , , , , , , , , , , , , , , , , , , , , , , , , , , , , , , , , , , , , , , , , , , , , , , , , , , , , , , , , 
AR, , , , ,형상제작(더미 포함),Cat.1, Cat.3 값 기반 보정 계산 산출(by Parameter),DYNAMO
가상 모델링 산출,카테고리 유무, , , , , , , , , , , , , , , , , , , , , , , , , , , , , , , , , , , , , , , , , , , , , , , , , , , , , , , , , , , , , , 
A01ZZ001,Earth Work,null,Excavation,M3,0,0,0,1,O,00001,Structural Foundations>All element of Category,슬라브 형상,슬라브 오프셋 형상, ,00001,Structural Foundations>All element of Category,슬라브 형상,슬라브 오프셋 형상, ,00004,Structural Foundations>All element of Category,기초 하부면 외곽선 추출,1. 외곽선 오프셋 
  (최소폭 고려)
2. GL 레벨로 복사  
  (휴식각 고려)
3. Solid 작성,Solid의 부피산출, , , , , , , , , , , , , , , , , , , , , , , , , , , , , , , , , , , , , , , , , , , ,type 2, , 
A01ZZ002,Earth Work,null,Blasting for Excavation,M3,0,0,0,1,O, , , , , , , , , , , , , , , , , , , , , , , , , , , , , , , , , , , , , , , , , , , , , , , , , , , , , , , , , , ,type 3, , 
A01ZZ003,Earth Work,null,Backfill,M3,0,0,0,1,O,00001,Structural Foundations>All element of Category, , ,A01ZZ001에서 기초형상 체적값 차감,00001,Structural Foundations>All element of Category, , ,A01ZZ001에서 기초형상 체적값 차감, ,Structural Foundations>All element of Category, , ,A01ZZ001에서 기초형상 체적값 차감, , , , , , , , , , , , , , , , , , , , , , , , , , , , , , , , , , , , , , , , , , , , , , 
A01ZZ004,Earth Work,null,Disposal,M3,0,0,0,1,O,00001,Structural Foundations>All element of Category, , ,A01ZZ001 - A01ZZ003,00001,Structural Foundations>All element of Category, , ,A01ZZ001 - A01ZZ003, ,Structural Foundations>All element of Category, , ,A01ZZ001 - A01ZZ003, , , , , , , , , , , , , , , , , , , , , , , , , , , , , , , , , , , , , , , , , , , , , , 
A01ZZ005,Earth Work,null,Base Course,M2,0,0,0,1,O,00001,Structural Foundations>All element of Category,슬라브 형상,슬라브 오프셋 형상, ,00001,Structural Foundations>All element of Category,슬라브 형상,슬라브 오프셋 형상, ,00001,Structural Foundations>All element of Category,기초 하부면 외곽선 추출,Base Course 두께만큼 돌출 solid,Solid의 면적 산출, , , , , , , , , , , , , , , , , , , , , , , , , , , , , , , , , , , , , , , , , , , , , , 
A01ZZ006,Earth Work,null,Subbase Course,M2,0,0,0,1,O, , , ,슬라브 오프셋 형상, , , , ,슬라브 오프셋 형상, , ,Structural Foundations>All element of Category,Base Course 하부면 외곽선 추출,Subbase Course 두께만큼 돌출, , , , , , , , , , , , , , , , , , , , , , , , , , , , , , , , , , , , , , , , , , , , , , , 
A01ZZ007,Earth Work,null,Fill Material (only for Module Base Frame),M3,0,0,0,1,O, , , , , , , , , , , , , , , , , , , , , , , , , , , , , , , , , , , , , , , , , , , , , , , , , , , , , , , , , , , , , 
A01ZZ008,Earth Work,null,Gravel,M3,0,0,0,1,O, ,Structural Foundations>All element of Category, , , , ,Structural Foundations>All element of Category, , , , ,Structural Foundations>All element of Category, , , , , , , , , , , , , , , , , , , , , , , , , , , , , , , , , , , , , , , , , , , , , , , , , 
A01ZZ009,Earth Work,null,Crushed Stone,M3,0,0,0,1,O,00001,Structural Foundations>All element of Category, , , ,00001,Structural Foundations>All element of Category, , , , ,Structural Foundations>All element of Category, , , , , , , , , , , , , , , , , , , , , , , , , , , , , , , , , , , , , , , , , , , , , , , , , 
A01ZZ010,Earth Work,null,Clean Sand for Cable Trench or UG Pipe,M3,0,0,0,1,O, ,Structural Foundations>All element of Category,트렌치 슬라브 형상, , , ,Structural Foundations>All element of Category,트렌치 슬라브 형상, , , , , , , , , , , , , , , , , , , , , , , , , , , , , , , , , , , , , , , , , , , , , , , , , , , , , 
A01ZZ011,Earth Work,null,Anti Termite Treatment,M2,0,0,0,1,O, ,Structural Foundations>All element of Category,슬라브 형상,슬라브 하부면, , ,Structural Foundations>All element of Category,슬라브 형상,슬라브 하부면, , , , , , , , , , , , , , , , , , , , , , , , , , , , , , , , , , , , , , , , , , , , , , , , , , , , 
A01ZZ012,Earth Work,null,PE Sheet (Vapor Barrier),M2,0,0,0,1,O,00001,Structural Foundations>All element of Category,슬라브 형상,슬라브 하부면, ,00001,Structural Foundations>All element of Category,슬라브 형상,슬라브 하부면, , , , , , , , , , , , , , , , , , , , , , , , , , , , , , , , , , , , , , , , , , , , , , , , , , , , 
A01ZZ013,Earth Work,null,Sheet Pile,M2,0,0,0,1,O, , , , , , , , , , , ,Structural Foundations>All element of Category,독립기초 형상,기초 바운더리 박스 오프셋, , , , , , , , , , , , , , , , , , , , , , , , , , , , , , , , , , , , , , , , , , , , , , , 
A02AA014,Pile Work,Piling Work,Reinforced Concrete Pile (Round Type),M,0,0,1,1,O, , , , , , , , , , , , , , , ,Cat.3, , , , , , , , , , , , , , , , , , , , , , , , , , , , , , , , , , , , , , , , , , , , , 
A02AA015,Pile Work,Piling Work,Reinforced Concrete Pile (Square Type),M,0,0,1,1,O, , , , , , , , , , , , , , , ,Cat.3, , , , , , , , , , , , , , , , , , , , , , , , , , , , , , , , , , , , , , , , , , , , , 
A02AA016,Pile Work,Piling Work,Pretensioned Concrete Pile (Type-A),M,0,0,1,1,O, , , , , , , , , , , , , , , ,Cat.3, , , , , , , , , , , , , , , , , , , , , , , , , , , , , , , , , , , , , , , , , , , , , 
A02AA017,Pile Work,Piling Work,Pretensioned Concrete Pile (Type-B),M,0,0,1,1,O, , , , , , , , , , , , , , , ,Cat.3, , , , , , , , , , , , , , , , , , , , , , , , , , , , , , , , , , , , , , , , , , , , , 
A02AA018,Pile Work,Piling Work,Pretensioned High-strength Concrete Pile (Type-A),M,0,0,1,1,O, , , , , , , , , , , , , , , ,Cat.3, , , , , , , , , , , , , , , , , , , , , , , , , , , , , , , , , , , , , , , , , , , , , 
A02AA019,Pile Work,Piling Work,Pretensioned High-strength Concrete Pile (Type-B),M,0,0,1,1,O, , , , , , , , , , , , , , , ,Cat.3, , , , , , , , , , , , , , , , , , , , , , , , , , , , , , , , , , , , , , , , , , , , , 
A02AA020,Pile Work,Piling Work,Steel Pipe Pile Work,M,0,0,1,1,O, , , , , , , , , , , , , , , ,Cat.3, , , , , , , , , , , , , , , , , , , , , , , , , , , , , , , , , , , , , , , , , , , , , 
A02AA021,Pile Work,Piling Work,H-Pile Work,M,0,0,1,1,O, , , , , , , , , , , , , , , ,Cat.3, , , , , , , , , , , , , , , , , , , , , , , , , , , , , , , , , , , , , , , , , , , , , 
A02AA022,Pile Work,Piling Work,Micro Pile Work,M,0,0,1,1,O, , , , , , , , , , , , , , , ,Cat.3, , , , , , , , , , , , , , , , , , , , , , , , , , , , , , , , , , , , , , , , , , , , , 
A02AA023,Pile Work,Piling Work,Cast-In-Place Pile Work,M,0,0,1,1,O, , , , , , , , , , , , , , , ,Cat.3, , , , , , , , , , , , , , , , , , , , , , , , , , , , , , , , , , , , , , , , , , , , , 
A02AB024,Pile Work,Pile Test,Static Axial Compressive Load Test,EA,0,0,1,1,O, , , , , , , , , , , , , , , ,Cat.3, , , , , , , , , , , , , , , , , , , , , , , , , , , , , , , , , , , , , , , , , , , , , 
A02AB025,Pile Work,Pile Test,Static Axial Tensile Load Test,EA,0,0,1,1,O, , , , , , , , , , , , , , , ,Cat.3, , , , , , , , , , , , , , , , , , , , , , , , , , , , , , , , , , , , , , , , , , , , , 
A02AB026,Pile Work,Pile Test,Lateral Load Test,EA,0,0,1,1,O, , , , , , , , , , , , , , , ,Cat.3, , , , , , , , , , , , , , , , , , , , , , , , , , , , , , , , , , , , , , , , , , , , , 
A02AB027,Pile Work,Pile Test,Dynamic Load Test,EA,0,0,1,1,O, , , , , , , , , , , , , , , ,Cat.3, , , , , , , , , , , , , , , , , , , , , , , , , , , , , , , , , , , , , , , , , , , , , 
A02AB028,Pile Work,Pile Test,Integrity Test,EA,0,0,1,1,O, , , , , , , , , , , , , , , ,Cat.3, , , , , , , , , , , , , , , , , , , , , , , , , , , , , , , , , , , , , , , , , , , , , 
A03AC029,Concrete Work,Substructure Work,Anchor Bolt (Installation only),EA,0,0,0,0, , , , , , , , , , , , , , , , , , , , , , , , , , , , , , , , , , , , , , , , , , , , , , , , , , , , , , , , , , , , , , 
A03AC030,Concrete Work,Substructure Work,Chemical Anchor Bolt,EA,0,0,0,0, , , , , , , , , , , , , , , , , , , , , , , , , , , , , , , , , , , , , , , , , , , , , , , , , , , , , , , , , , , , , , 
A03AC031,Concrete Work,Substructure Work,Expansion Anchor Bolt,EA,0,0,0,0, , , , , , , , , , , , , , , , , , , , , , , , , , , , , , , , , , , , , , , , , , , , , , , , , , , , , , , , , , , , , , 
A03AC032,Concrete Work,Substructure Work,Structural Concrete,M3,0,0,0,1,O,00007,Structural Foundations>All element of Category,슬라브 형상,슬라브 형상, ,00007,Structural Foundations>All element of Category,슬라브 형상,슬라브 형상, ,00007,Structural Foundations>All element of Category,콘크리트 기초 부피, , , , , , , , , , , , , , , , , , , , , , , , , , , , , , , , , , , , , , , , , , , , , , , , 
A03AC033,Concrete Work,Substructure Work,Colored Concrete,M3,0,0,0,1,O, ,Structural Foundations>All element of Category,슬라브 형상,슬라브 형상, , ,Structural Foundations>All element of Category,슬라브 형상,슬라브 형상, , ,Structural Foundations>All element of Category, , , , , , , , , , , , , , , , , , , , , , , , , , , , , , , , , , , , , , , , , , , , , , , , , 
A03AC034,Concrete Work,Substructure Work,Lean Concrete (including Form work),M3,0,0,0,1,O,00007,Structural Foundations>All element of Category,슬라브 형상,슬라브 하부면 오프셋, 돌출 형상, ,00007,Structural Foundations>All element of Category,슬라브 형상,슬라브 하부면 오프셋, 돌출 형상, ,00007,Structural Foundations>All element of Category,UG > element Faces > 하부면 외곽선 추출,Lean 두께만큼 돌출 solid,Solid의 부피산출, , , , , , , , , , , , , , , , , , , , , , , , , , , , , , , , , , , , , , , , , , , , , , 
A03AC035,Concrete Work,Substructure Work,Form Work (3 times in use),M2,0,0,0,1,O, , , , , , , , , , ,00001,Structural Foundations>All element of Category,콘크리트 기초 Surface,기초 Surface 법선 Ventor Z값 0인 것(측면)을 추출 ,Surface 면적합계, , , , , , , , , , , , , , , , , , , , , , , , , , , , , , , , , , , , , , , , , , , , , , 
A03AC036,Concrete Work,Substructure Work,Form Work (1 time in use),M2,0,0,0,1,O, , , , , , , , , , , ,Structural Foundations>All element of Category, , , , , , , , , , , , , , , , , , , , , , , , , , , , , , , , , , , , , , , , , , , , , , , , , 
A03AC037,Concrete Work,Substructure Work,Rebar Work,TON,0,0,0,1,O,00002,Structural Foundations>All element of Category, , , ,00002,Structural Foundations>All element of Category, , , ,00002,Structural Foundations>All element of Category,콘크리트 기초 부피, ,Ratio(0.1) 곱셈, , , , , , , , , , , , , , , , , , , , , , , , , , , , , , , , , , , , , , , , , , , , , , 
A03AC038,Concrete Work,Substructure Work,Welded Wire Fabric,M2,0,0,0,0, , , , , , , , , , , , , , , , , , , , , , , , , , , , , , , , , , , , , , , , , , , , , , , , , , , , , , , , , , , , , , 
A03AC039,Concrete Work,Substructure Work,Expansion Joint (Exposed Type),M,0,0,0,0, , , , , , , , , , , , , , , , , , , , , , , , , , , , , , , , , , , , , , , , , , , , , , , , , , , , , , , , , , , , , , 
A03AC040,Concrete Work,Substructure Work,Expansion Joint (w/ Aluminum Cover),M,0,0,0,0, , , , , , , , , , , , , , , , , , , , , , , , , , , , , , , , , , , , , , , , , , , , , , , , , , , , , , , , , , , , , , 
A03AC041,Concrete Work,Substructure Work,Expansion Joint (w/ Galvanized Steel Cover),M,0,0,0,0, , , , , , , , , , , , , , , , , , , , , , , , , , , , , , , , , , , , , , , , , , , , , , , , , , , , , , , , , , , , , , 
A03AC042,Concrete Work,Substructure Work,Expansion Joint (w/ Stainless Steel Cover),M,0,0,0,0, , , , , , , , , , , , , , , , , , , , , , , , , , , , , , , , , , , , , , , , , , , , , , , , , , , , , , , , , , , , , , 
A03AC043,Concrete Work,Substructure Work,Expansion Joint (w/ Ready-Made Cover),M,0,0,0,0, , , , , , , , , , , , , , , , , , , , , , , , , , , , , , , , , , , , , , , , , , , , , , , , , , , , , , , , , , , , , , 
A03AC044,Concrete Work,Substructure Work,Isolation Joint (Separation Joint),M,0,0,0,0, , , , , , , , , , , , , , , , , , , , , , , , , , , , , , , , , , , , , , , , , , , , , , , , , , , , , , , , , , , , , , 
A03AC045,Concrete Work,Substructure Work,Control Joint,M,0,0,0,0, , , , , , , , , , , , , , , , , , , , , , , , , , , , , , , , , , , , , , , , , , , , , , , , , , , , , , , , , , , , , , 
A03AC046,Concrete Work,Substructure Work,Water Stop,M,0,0,0,1,O, ,Structural Foundations>All element of Category, , , , ,Structural Foundations>All element of Category, , , , , , , , , , , , , , , , , , , , , , , , , , , , , , , , , , , , , , , , , , , , , , , , , , , , , , 
A03AC047,Concrete Work,Substructure Work,Insulation under Ground Floor,M2,0,0,0,1,O, ,Structural Foundations>All element of Category, , , , ,Structural Foundations>All element of Category, , , , , , , , , , , , , , , , , , , , , , , , , , , , , , , , , , , , , , , , , , , , , , , , , , , , , , 
A03AC048,Concrete Work,Substructure Work,Ladder Rung,M2,0,0,0,0, , , , , , , , , , , , , , , , , , , , , , , , , , , , , , , , , , , , , , , , , , , , , , , , , , , , , , , , , , , , , , 
A03AC049,Concrete Work,Substructure Work,Embedded Steel(Steel Plate, Corner Angle and etc.) w/ Anchor Bar (Purchase & Installation),TON,0,0,0,1,O, ,Structural Foundations>All element of Category, , , , ,Structural Foundations>All element of Category, , , , , , , , , , , , , , , , , , , , , , , , , , , , , , , , , , , , , , , , , , , , , , , , , , , , , , 
A03AC050,Concrete Work,Substructure Work,Embedded Steel(Steel Plate, Corner Angle and etc.) w/ Anchor Bar (Installation Only),TON,0,0,0,1,O, ,Structural Foundations>All element of Category, , , , ,Structural Foundations>All element of Category, , , , , , , , , , , , , , , , , , , , , , , , , , , , , , , , , , , , , , , , , , , , , , , , , , , , , , 
A03AD029,Concrete Work,Superstructure Work,Anchor Bolt (Installation only),EA,0,0,0,0, , , , , , , , , , , , , , , , , , , , , , , , , , , , , , , , , , , , , , , , , , , , , , , , , , , , , , , , , , , , , , 
A03AD030,Concrete Work,Superstructure Work,Chemical Anchor Bolt,EA,0,0,0,0, , , , , , , , , , , , , , , , , , , , , , , , , , , , , , , , , , , , , , , , , , , , , , , , , , , , , , , , , , , , , , 
A03AD031,Concrete Work,Superstructure Work,Expansion Anchor Bolt,EA,0,0,0,0, , , , , , , , , , , , , , , , , , , , , , , , , , , , , , , , , , , , , , , , , , , , , , , , , , , , , , , , , , , , , , 
A03AD032,Concrete Work,Superstructure Work,Structural Concrete,M3,0,0,0,0, , , , , , , , , , , , , , , , , , , , , , , , , , , , , , , , , , , , , , , , , , , , , , , , , , , , , , , , , , , , , , 
A03AD035,Concrete Work,Superstructure Work,Form Work (3 times in use),M2,0,0,0,0, , , , , , , , , , , , , , , , , , , , , , , , , , , , , , , , , , , , , , , , , , , , , , , , , , , , , , , , , , , , , , 
A03AD036,Concrete Work,Superstructure Work,Form Work (1 time in use),M2,0,0,0,0, , , , , , , , , , , , , , , , , , , , , , , , , , , , , , , , , , , , , , , , , , , , , , , , , , , , , , , , , , , , , , 
A03AD037,Concrete Work,Superstructure Work,Rebar Work,TON,0,0,0,0, , , , , , , , , , , , , , , , , , , , , , , , , , , , , , , , , , , , , , , , , , , , , , , , , , , , , , , , , , , , , , 
A03AD038,Concrete Work,Superstructure Work,Welded Wire Fabric,M2,0,0,0,0, , , , , , , , , , , , , , , , , , , , , , , , , , , , , , , , , , , , , , , , , , , , , , , , , , , , , , , , , , , , , , 
A03AD039,Concrete Work,Superstructure Work,Expansion Joint (Exposed Type),M,0,0,0,0, , , , , , , , , , , , , , , , , , , , , , , , , , , , , , , , , , , , , , , , , , , , , , , , , , , , , , , , , , , , , , 
A03AD040,Concrete Work,Superstructure Work,Expansion Joint (w/ Aluminum Cover),M,0,0,0,0, , , , , , , , , , , , , , , , , , , , , , , , , , , , , , , , , , , , , , , , , , , , , , , , , , , , , , , , , , , , , , 
A03AD041,Concrete Work,Superstructure Work,Expansion Joint (w/ Galvanized Steel Cover),M,0,0,0,0, , , , , , , , , , , , , , , , , , , , , , , , , , , , , , , , , , , , , , , , , , , , , , , , , , , , , , , , , , , , , , 
A03AD042,Concrete Work,Superstructure Work,Expansion Joint (w/ Stainless Steel Cover),M,0,0,0,0, , , , , , , , , , , , , , , , , , , , , , , , , , , , , , , , , , , , , , , , , , , , , , , , , , , , , , , , , , , , , , 
A03AD043,Concrete Work,Superstructure Work,Expansion Joint (w/ Ready-Made Cover),M,0,0,0,0, , , , , , , , , , , , , , , , , , , , , , , , , , , , , , , , , , , , , , , , , , , , , , , , , , , , , , , , , , , , , , 
A03AD044,Concrete Work,Superstructure Work,Isolation Joint (Separation Joint),M,0,0,0,0, , , , , , , , , , , , , , , , , , , , , , , , , , , , , , , , , , , , , , , , , , , , , , , , , , , , , , , , , , , , , , 
A03AD045,Concrete Work,Superstructure Work,Control Joint,M,0,0,0,0, , , , , , , , , , , , , , , , , , , , , , , , , , , , , , , , , , , , , , , , , , , , , , , , , , , , , , , , , , , , , , 
A03AD051,Concrete Work,Superstructure Work,Groove Joint,M,0,0,0,0, , , , , , , , , , , , , , , , , , , , , , , , , , , , , , , , , , , , , , , , , , , , , , , , , , , , , , , , , , , , , , 
A03AD046,Concrete Work,Superstructure Work,Water Stop,M,0,0,0,0, , , , , , , , , , , , , , , , , , , , , , , , , , , , , , , , , , , , , , , , , , , , , , , , , , , , , , , , , , , , , , 
A03AD049,Concrete Work,Superstructure Work,Embedded Steel(Steel Plate, Corner Angle and etc.) w/ Anchor Bar (Purchase & Installation),TON,0,0,0,0, , , , , , , , , , , , , , , , , , , , , , , , , , , , , , , , , , , , , , , , , , , , , , , , , , , , , , , , , , , , , , 
A03AD050,Concrete Work,Superstructure Work,Embedded Steel(Steel Plate, Corner Angle and etc.) w/ Anchor Bar (Installation Only),TON,0,0,0,0, , , , , , , , , , , , , , , , , , , , , , , , , , , , , , , , , , , , , , , , , , , , , , , , , , , , , , , , , , , , , , 
A03AF029,Concrete Work,Equipment Foundation Work,Anchor Bolt (Installation only),EA,0,0,0,0, , , , , , , , , , , , , , , , , , , , , , , , , , , , , , , , , , , , , , , , , , , , , , , , , , , , , , , , , , , , , , 
A03AF030,Concrete Work,Equipment Foundation Work,Chemical Anchor Bolt,EA,0,0,0,0, , , , , , , , , , , , , , , , , , , , , , , , , , , , , , , , , , , , , , , , , , , , , , , , , , , , , , , , , , , , , , 
A03AF031,Concrete Work,Equipment Foundation Work,Expansion Anchor Bolt,EA,0,0,0,0, , , , , , , , , , , , , , , , , , , , , , , , , , , , , , , , , , , , , , , , , , , , , , , , , , , , , , , , , , , , , , 
A03AF032,Concrete Work,Equipment Foundation Work,Structural Concrete,M3,0,0,0,1,O, ,Structural Foundations>All element of Category, , , ,00007,Structural Foundations>All element of Category, , , , , , , , , , , , , , , , , , , , , , , , , , , , , , , , , , , , , , , , , , , , , , , , , , , , , , 
A03AF034,Concrete Work,Equipment Foundation Work,Lean Concrete (including Form work),M3,0,0,0,1,O, ,Structural Foundations>All element of Category, , , ,00004,Structural Foundations>All element of Category, , , , , , , , , , , , , , , , , , , , , , , , , , , , , , , , , , , , , , , , , , , , , , , , , , , , , , 
A03AF035,Concrete Work,Equipment Foundation Work,Form Work (3 times in use),M2,0,0,0,1,O, ,Structural Foundations>All element of Category, , , , ,Structural Foundations>All element of Category, , , , , , , , , , , , , , , , , , , , , , , , , , , , , , , , , , , , , , , , , , , , , , , , , , , , , , 
A03AF036,Concrete Work,Equipment Foundation Work,Form Work (1 time in use),M2,0,0,0,1,O, ,Structural Foundations>All element of Category, , , ,00001,Structural Foundations>All element of Category, , , , , , , , , , , , , , , , , , , , , , , , , , , , , , , , , , , , , , , , , , , , , , , , , , , , , , 
A03AF037,Concrete Work,Equipment Foundation Work,Rebar Work,TON,0,0,0,1,O, ,Structural Foundations>All element of Category, , , ,00002,Structural Foundations>All element of Category, , , , , , , , , , , , , , , , , , , , , , , , , , , , , , , , , , , , , , , , , , , , , , , , , , , , , , 
A03AF046,Concrete Work,Equipment Foundation Work,Water Stop,M,0,0,0,0, , , , , , , , , , , , , , , , , , , , , , , , , , , , , , , , , , , , , , , , , , , , , , , , , , , , , , , , , , , , , , 
A03AF049,Concrete Work,Equipment Foundation Work,Embedded Steel(Steel Plate, Corner Angle and etc.) w/ Anchor Bar (Purchase & Installation),TON,0,0,0,1,O, ,Structural Foundations>All element of Category, , , , ,Structural Foundations>All element of Category, , , , , , , , , , , , , , , , , , , , , , , , , , , , , , , , , , , , , , , , , , , , , , , , , , , , , , 
A03AF050,Concrete Work,Equipment Foundation Work,Embedded Steel(Steel Plate, Corner Angle and etc.) w/ Anchor Bar (Installation Only),TON,0,0,0,1,O, ,Structural Foundations>All element of Category, , , , ,Structural Foundations>All element of Category, , , , , , , , , , , , , , , , , , , , , , , , , , , , , , , , , , , , , , , , , , , , , , , , , , , , , , 
A03AG029,Concrete Work,Mass Concrete Work,Anchor Bolt (Installation only),EA,0,0,0,1,O, ,Structural Foundations>All element of Category, , , , ,Structural Foundations>All element of Category, , , , , , , , , , , , , , , , , , , , , , , , , , , , , , , , , , , , , , , , , , , , , , , , , , , , , , 
A03AG030,Concrete Work,Mass Concrete Work,Chemical Anchor Bolt,EA,0,0,0,1,O, ,Structural Foundations>All element of Category, , , , ,Structural Foundations>All element of Category, , , , , , , , , , , , , , , , , , , , , , , , , , , , , , , , , , , , , , , , , , , , , , , , , , , , , , 
A03AG031,Concrete Work,Mass Concrete Work,Expansion Anchor Bolt,EA,0,0,0,1,O, ,Structural Foundations>All element of Category, , , , ,Structural Foundations>All element of Category, , , , , , , , , , , , , , , , , , , , , , , , , , , , , , , , , , , , , , , , , , , , , , , , , , , , , , 
A03AG032,Concrete Work,Mass Concrete Work,Structural Concrete,M3,0,0,0,1,O, ,Structural Foundations>All element of Category, , , , ,Structural Foundations>All element of Category, , , , , , , , , , , , , , , , , , , , , , , , , , , , , , , , , , , , , , , , , , , , , , , , , , , , , , 
A03AG034,Concrete Work,Mass Concrete Work,Lean Concrete (including Form work),M3,0,0,0,1,O, ,Structural Foundations>All element of Category, , , , ,Structural Foundations>All element of Category, , , , , , , , , , , , , , , , , , , , , , , , , , , , , , , , , , , , , , , , , , , , , , , , , , , , , , 
A03AG052,Concrete Work,Mass Concrete Work,Concrete Temperature Monitoring,M3,0,0,0,1,O, ,Structural Foundations>All element of Category, , , , ,Structural Foundations>All element of Category, , , , , , , , , , , , , , , , , , , , , , , , , , , , , , , , , , , , , , , , , , , , , , , , , , , , , , 
A03AG053,Concrete Work,Mass Concrete Work,Steel Casing for CEP,M3,0,0,0,0, , , , , , , , , , , , , , , , , , , , , , , , , , , , , , , , , , , , , , , , , , , , , , , , , , , , , , , , , , , , , , 
A03AG054,Concrete Work,Mass Concrete Work,System Form,M3,0,0,0,1,O, ,Structural Foundations>All element of Category, , , , ,Structural Foundations>All element of Category, , , , , , , , , , , , , , , , , , , , , , , , , , , , , , , , , , , , , , , , , , , , , , , , , , , , , , 
A03AG055,Concrete Work,Mass Concrete Work,System Support,M3,0,0,0,0, , , , , , , , , , , , , , , , , , , , , , , , , , , , , , , , , , , , , , , , , , , , , , , , , , , , , , , , , , , , , , 
A03AG035,Concrete Work,Mass Concrete Work,Form Work (3 times in use),M2,0,0,0,1,O, ,Structural Foundations>All element of Category, , , , ,Structural Foundations>All element of Category, , , , , , , , , , , , , , , , , , , , , , , , , , , , , , , , , , , , , , , , , , , , , , , , , , , , , , 
A03AG036,Concrete Work,Mass Concrete Work,Form Work (1 time in use),M2,0,0,0,1,O, ,Structural Foundations>All element of Category, , , , ,Structural Foundations>All element of Category, , , , , , , , , , , , , , , , , , , , , , , , , , , , , , , , , , , , , , , , , , , , , , , , , , , , , , 
A03AG037,Concrete Work,Mass Concrete Work,Rebar Work,TON,0,0,0,1,O, ,Structural Foundations>All element of Category, , , , ,Structural Foundations>All element of Category, , , , , , , , , , , , , , , , , , , , , , , , , , , , , , , , , , , , , , , , , , , , , , , , , , , , , , 
A03AG046,Concrete Work,Mass Concrete Work,Water Stop,M,0,0,0,0, , , , , , , , , , , , , , , , , , , , , , , , , , , , , , , , , , , , , , , , , , , , , , , , , , , , , , , , , , , , , , 
A03AG049,Concrete Work,Mass Concrete Work,Embedded Steel(Steel Plate, Corner Angle and etc.) w/ Anchor Bar (Purchase & Installation),TON,0,0,0,1,O, ,Structural Foundations>All element of Category, , , , ,Structural Foundations>All element of Category, , , , , , , , , , , , , , , , , , , , , , , , , , , , , , , , , , , , , , , , , , , , , , , , , , , , , , 
A03AG050,Concrete Work,Mass Concrete Work,Embedded Steel(Steel Plate, Corner Angle and etc.) w/ Anchor Bar (Installation Only),TON,0,0,0,1,O, ,Structural Foundations>All element of Category, , , , ,Structural Foundations>All element of Category, , , , , , , , , , , , , , , , , , , , , , , , , , , , , , , , , , , , , , , , , , , , , , , , , , , , , , 
A03AE056,Concrete Work,Concrete Protective Coating (U/G),Bitumen/Bituminous/Asphalt Coating,M2,0,0,0,1,O, ,Structural Foundations>All element of Category, , , ,00001,Structural Foundations>All element of Category, , , , , , , , , , , , , , , , , , , , , , , , , , , , , , , , , , , , , , , , , , , , , , , , , , , , , , 
A03AE057,Concrete Work,Concrete Protective Coating (U/G),Coal Tar Epoxy,M2,0,0,0,1,O, ,Structural Foundations>All element of Category, , , , ,Structural Foundations>All element of Category, , , , , , , , , , , , , , , , , , , , , , , , , , , , , , , , , , , , , , , , , , , , , , , , , , , , , , 
A03AE058,Concrete Work,Concrete Protective Coating (U/G),Epoxy Coating (Epoxy Resin Based Coating),M2,0,0,0,1,O, ,Structural Foundations>All element of Category, , , , ,Structural Foundations>All element of Category, , , , , , , , , , , , , , , , , , , , , , , , , , , , , , , , , , , , , , , , , , , , , , , , , , , , , , 
A03AE059,Concrete Work,Concrete Protective Coating (U/G),Sheet Membrane,M2,0,0,0,1,O, ,Structural Foundations>All element of Category, , , , ,Structural Foundations>All element of Category, , , ,00001,Structural Foundations>All element of Category,콘크리트 기초 Surface,기초상부/측면 추출(법선벡터값 -1인 것 제외),면적합계 - Pedestal 면적만큼 공제, , , , , , , , , , , , , , , , , , , , , , , , , , , , , , , , , , , , , , , , , , , , , , 
A03AE060,Concrete Work,Concrete Protective Coating (U/G),Memebrane Protection Board ,M2,0,0,0,1,O, ,Structural Foundations>All element of Category, , , , ,Structural Foundations>All element of Category, , , ,00001,Structural Foundations>All element of Category,콘크리트 기초 Surface,기초상부/측면 추출(법선벡터값 -1인 것 제외),면적합계 - Pedestal 면적만큼 공제, , , , , , , , , , , , , , , , , , , , , , , , , , , , , , , , , , , , , , , , , , , , , , 
A03AE061,Concrete Work,Concrete Protective Coating (U/G),Protective Screed,M2,0,0,0,1,O, ,Structural Foundations>All element of Category, , , , ,Structural Foundations>All element of Category, , , , , , , , , , , , , , , , , , , , , , , , , , , , , , , , , , , , , , , , , , , , , , , , , , , , , , 
A03AH062,Concrete Work,Concrete Protective Coating (A/G),Acrylic Polymer Coating,M2,0,0,0,1,O, ,Structural Foundations>All element of Category, , , , ,Structural Foundations>All element of Category, , , , , , , , , , , , , , , , , , , , , , , , , , , , , , , , , , , , , , , , , , , , , , , , , , , , , , 
A03AH058,Concrete Work,Concrete Protective Coating (A/G),Epoxy Coating (Epoxy Resin Based Coating),M2,0,0,0,1,O, ,Structural Foundations>All element of Category, , , , ,Structural Foundations>All element of Category, , , , , , , , , , , , , , , , , , , , , , , , , , , , , , , , , , , , , , , , , , , , , , , , , , , , , , 
A03AH063,Concrete Work,Concrete Protective Coating (A/G),Bituminous Damp Proofing,M2,0,0,0,1,O, ,Structural Foundations>All element of Category, , , , ,Structural Foundations>All element of Category, , , , , , , , , , , , , , , , , , , , , , , , , , , , , , , , , , , , , , , , , , , , , , , , , , , , , , 
A03AJ064,Concrete Work,Precast Concrete Work,PC Roof Panel,M2,0,0,0,0, , , , , , , , , , , , , , , , , , , , , , , , , , , , , , , , , , , , , , , , , , , , , , , , , , , , , , , , , , , , , , 
A03AJ065,Concrete Work,Precast Concrete Work,PC Wall Panel,M2,0,0,0,0, , , , , , , , , , , , , , , , , , , , , , , , , , , , , , , , , , , , , , , , , , , , , , , , , , , , , , , , , , , , , , 
A03AJ066,Concrete Work,Precast Concrete Work,PC Column,EA,0,0,0,0, , , , , , , , , , , , , , , , , , , , , , , , , , , , , , , , , , , , , , , , , , , , , , , , , , , , , , , , , , , , , , 
A03AJ067,Concrete Work,Precast Concrete Work,PC Girder & Beam,EA,0,0,0,0, , , , , , , , , , , , , , , , , , , , , , , , , , , , , , , , , , , , , , , , , , , , , , , , , , , , , , , , , , , , , , 
A03AJ068,Concrete Work,Precast Concrete Work,PC Cover,EA,0,0,0,0, , , , , , , , , , , , , , , , , , , , , , , , , , , , , , , , , , , , , , , , , , , , , , , , , , , , , , , , , , , , , , 
A04AK069,Finishing Work,Masonry Work,Reinforced Concrete Block,M2,0,0,0,0, , , , , , , , , , , , , , , , , , , , , , , , , , , , , , , , , , , , , , , , , , , , , , , , , , , , , , , , , , , , , , 
A04AK070,Finishing Work,Masonry Work,AAC (Autoclaved Aerated Concrete) Block,M2,0,0,0,0, , , , , , , , , , , , , , , , , , , , , , , , , , , , , , , , , , , , , , , , , , , , , , , , , , , , , , , , , , , , , , 
A04AK071,Finishing Work,Masonry Work,Glass Block,M2,0,0,0,0, , , , , , , , , , , , , , , , , , , , , , , , , , , , , , , , , , , , , , , , , , , , , , , , , , , , , , , , , , , , , , 
A04AK072,Finishing Work,Masonry Work,Clay Block,M2,0,0,0,0, , , , , , , , , , , , , , , , , , , , , , , , , , , , , , , , , , , , , , , , , , , , , , , , , , , , , , , , , , , , , , 
A04AK073,Finishing Work,Masonry Work,Concrete Brick,M2,0,0,0,0, , , , , , , , , , , , , , , , , , , , , , , , , , , , , , , , , , , , , , , , , , , , , , , , , , , , , , , , , , , , , , 
A04AK074,Finishing Work,Masonry Work,Burnt Clay Brick,M2,0,0,0,0, , , , , , , , , , , , , , , , , , , , , , , , , , , , , , , , , , , , , , , , , , , , , , , , , , , , , , , , , , , , , , 
A04AK075,Finishing Work,Masonry Work,Insulated Brick,M2,0,0,0,0, , , , , , , , , , , , , , , , , , , , , , , , , , , , , , , , , , , , , , , , , , , , , , , , , , , , , , , , , , , , , , 
A04AK076,Finishing Work,Masonry Work,Insulation,M2,0,0,0,0, , , , , , , , , , , , , , , , , , , , , , , , , , , , , , , , , , , , , , , , , , , , , , , , , , , , , , , , , , , , , , 
A04AK012,Finishing Work,Masonry Work,PE Sheet (Vapor Barrier),M2,0,0,0,0, , , , , , , , , , , , , , , , , , , , , , , , , , , , , , , , , , , , , , , , , , , , , , , , , , , , , , , , , , , , , , 
A04AL077,Finishing Work,Painting Work,External Wall Painting,M2,0,0,0,0, , , , , , , , , , , , , , , , , , , , , , , , , , , , , , , , , , , , , , , , , , , , , , , , , , , , , , , , , , , , , , 
A04AL078,Finishing Work,Painting Work,Internal Wall Painting,M2,0,0,0,0, , , , , , , , , , , , , , , , , , , , , , , , , , , , , , , , , , , , , , , , , , , , , , , , , , , , , , , , , , , , , , 
A04AL079,Finishing Work,Painting Work,Ceiling Painting,M2,0,0,0,0, , , , , , , , , , , , , , , , , , , , , , , , , , , , , , , , , , , , , , , , , , , , , , , , , , , , , , , , , , , , , , 
A04AL080,Finishing Work,Painting Work,Floor Painting,M2,0,0,0,0, , , , , , , , , , , , , , , , , , , , , , , , , , , , , , , , , , , , , , , , , , , , , , , , , , , , , , , , , , , , , , 
A04AL081,Finishing Work,Painting Work,Skirt Painting,M,0,0,0,0, , , , , , , , , , , , , , , , , , , , , , , , , , , , , , , , , , , , , , , , , , , , , , , , , , , , , , , , , , , , , , 
A04AM082,Finishing Work,Tile Work,Wall Tile,M2,0,0,0,0, , , , , , , , , , , , , , , , , , , , , , , , , , , , , , , , , , , , , , , , , , , , , , , , , , , , , , , , , , , , , , 
A04AM083,Finishing Work,Tile Work,Floor Tile,M2,0,0,0,0, , , , , , , , , , , , , , , , , , , , , , , , , , , , , , , , , , , , , , , , , , , , , , , , , , , , , , , , , , , , , , 
A04AM084,Finishing Work,Tile Work,Skirt Tile,M,0,0,0,0, , , , , , , , , , , , , , , , , , , , , , , , , , , , , , , , , , , , , , , , , , , , , , , , , , , , , , , , , , , , , , 
A04AN085,Finishing Work,Waterproofing Work,Liquid Waterproofing,M2,0,0,0,0, , , , , , , , , , , , , , , , , , , , , , , , , , , , , , , , , , , , , , , , , , , , , , , , , , , , , , , , , , , , , , 
A04AN000,Finishing Work,Waterproofing Work,Waterproofing Membrane,M2,0,0,0,0, , , , , , , , , , , , , , , , , , , , , , , , , , , , , , , , , , , , , , , , , , , , , , , , , , , , , , , , , , , , , , 
A04AP086,Finishing Work,Roof Work,Roof Screed,M3,0,0,0,0, , , , , , , , , , , , , , , , , , , , , , , , , , , , , , , , , , , , , , , , , , , , , , , , , , , , , , , , , , , , , , 
A04AP038,Finishing Work,Roof Work,Welded Wire Fabric,M2,0,0,0,0, , , , , , , , , , , , , , , , , , , , , , , , , , , , , , , , , , , , , , , , , , , , , , , , , , , , , , , , , , , , , , 
A04AP000,Finishing Work,Roof Work,Waterproofing Membrane,M2,0,0,0,0, , , , , , , , , , , , , , , , , , , , , , , , , , , , , , , , , , , , , , , , , , , , , , , , , , , , , , , , , , , , , , 
A04AP087,Finishing Work,Roof Work,Waterproofing Coating,M2,0,0,0,0, , , , , , , , , , , , , , , , , , , , , , , , , , , , , , , , , , , , , , , , , , , , , , , , , , , , , , , , , , , , , , 
A04AP088,Finishing Work,Roof Work,Roof Insulation,M2,0,0,0,0, , , , , , , , , , , , , , , , , , , , , , , , , , , , , , , , , , , , , , , , , , , , , , , , , , , , , , , , , , , , , , 
A04AP012,Finishing Work,Roof Work,PE Sheet (Vapor Barrier),M2,0,0,0,0, , , , , , , , , , , , , , , , , , , , , , , , , , , , , , , , , , , , , , , , , , , , , , , , , , , , , , , , , , , , , , 
A04AP089,Finishing Work,Roof Work,Protective Concrete w/ Steel Trowel Finish,M3,0,0,0,0, , , , , , , , , , , , , , , , , , , , , , , , , , , , , , , , , , , , , , , , , , , , , , , , , , , , , , , , , , , , , , 
A04AP090,Finishing Work,Roof Work,Concrete Tile,M2,0,0,0,0, , , , , , , , , , , , , , , , , , , , , , , , , , , , , , , , , , , , , , , , , , , , , , , , , , , , , , , , , , , , , , 
A04AP091,Finishing Work,Roof Work,Gravel for Roof,M2,0,0,0,0, , , , , , , , , , , , , , , , , , , , , , , , , , , , , , , , , , , , , , , , , , , , , , , , , , , , , , , , , , , , , , 
A04AP092,Finishing Work,Roof Work,Crushed Stone for Roof,M2,0,0,0,0, , , , , , , , , , , , , , , , , , , , , , , , , , , , , , , , , , , , , , , , , , , , , , , , , , , , , , , , , , , , , , 
A04AP093,Finishing Work,Roof Work,Clean Sand,M2,0,0,0,0, , , , , , , , , , , , , , , , , , , , , , , , , , , , , , , , , , , , , , , , , , , , , , , , , , , , , , , , , , , , , , 
A04AP094,Finishing Work,Roof Work,Substrate Board,M2,0,0,0,0, , , , , , , , , , , , , , , , , , , , , , , , , , , , , , , , , , , , , , , , , , , , , , , , , , , , , , , , , , , , , , 
A04AP095,Finishing Work,Roof Work,Geotextile,M2,0,0,0,0, , , , , , , , , , , , , , , , , , , , , , , , , , , , , , , , , , , , , , , , , , , , , , , , , , , , , , , , , , , , , , 
A04AP096,Finishing Work,Roof Work,Metal Coping for Parapet,M2,0,0,0,0, , , , , , , , , , , , , , , , , , , , , , , , , , , , , , , , , , , , , , , , , , , , , , , , , , , , , , , , , , , , , , 
A04AP097,Finishing Work,Roof Work,Flashing along Roof Corner,M2,0,0,0,0, , , , , , , , , , , , , , , , , , , , , , , , , , , , , , , , , , , , , , , , , , , , , , , , , , , , , , , , , , , , , , 
A04AQ098,Finishing Work,Door & Window Work,Steel Door w/ Steel Frame,M2,0,0,0,0, , , , , , , , , , , , , , , , , , , , , , , , , , , , , , , , , , , , , , , , , , , , , , , , , , , , , , , , , , , , , , 
A04AQ099,Finishing Work,Door & Window Work,Steel Door w/ Steel Frame & Vision Panel for Each Leaf,M2,0,0,0,0, , , , , , , , , , , , , , , , , , , , , , , , , , , , , , , , , , , , , , , , , , , , , , , , , , , , , , , , , , , , , , 
A04AQ100,Finishing Work,Door & Window Work,Steel Door w/ Steel Frame & Panic Bar,M2,0,0,0,0, , , , , , , , , , , , , , , , , , , , , , , , , , , , , , , , , , , , , , , , , , , , , , , , , , , , , , , , , , , , , , 
A04AQ101,Finishing Work,Door & Window Work,Steel Door w/ Steel Frame, Panic Bar & Vision Panel for Each Leaf,M2,0,0,0,0, , , , , , , , , , , , , , , , , , , , , , , , , , , , , , , , , , , , , , , , , , , , , , , , , , , , , , , , , , , , , , 
A04AQ102,Finishing Work,Door & Window Work,Blast Resistant Door w/ Steel Frame,M2,0,0,0,0, , , , , , , , , , , , , , , , , , , , , , , , , , , , , , , , , , , , , , , , , , , , , , , , , , , , , , , , , , , , , , 
A04AQ103,Finishing Work,Door & Window Work,Blast Resistant Door w/ Steel Frame, Panic Bar,M2,0,0,0,0, , , , , , , , , , , , , , , , , , , , , , , , , , , , , , , , , , , , , , , , , , , , , , , , , , , , , , , , , , , , , , 
A04AQ104,Finishing Work,Door & Window Work,Aluminum Door w/ Aluminum Frame,M2,0,0,0,0, , , , , , , , , , , , , , , , , , , , , , , , , , , , , , , , , , , , , , , , , , , , , , , , , , , , , , , , , , , , , , 
A04AQ105,Finishing Work,Door & Window Work,Aluminum Door w/ Aluminum Frame & Vision Panel for Each Leaf,M2,0,0,0,0, , , , , , , , , , , , , , , , , , , , , , , , , , , , , , , , , , , , , , , , , , , , , , , , , , , , , , , , , , , , , , 
A04AQ106,Finishing Work,Door & Window Work,Aluminum Door w/ Aluminum Frame & Panic Bar,M2,0,0,0,0, , , , , , , , , , , , , , , , , , , , , , , , , , , , , , , , , , , , , , , , , , , , , , , , , , , , , , , , , , , , , , 
A04AQ107,Finishing Work,Door & Window Work,Aluminum Door w/ Aluminum Frame, Panic Bar & Vision Panel for Each Leaf,M2,0,0,0,0, , , , , , , , , , , , , , , , , , , , , , , , , , , , , , , , , , , , , , , , , , , , , , , , , , , , , , , , , , , , , , 
A04AQ108,Finishing Work,Door & Window Work,Glass Door w/ SST Frame,M2,0,0,0,0, , , , , , , , , , , , , , , , , , , , , , , , , , , , , , , , , , , , , , , , , , , , , , , , , , , , , , , , , , , , , , 
A04AQ109,Finishing Work,Door & Window Work,Stainless Steel Door w/ SST Frame,M2,0,0,0,0, , , , , , , , , , , , , , , , , , , , , , , , , , , , , , , , , , , , , , , , , , , , , , , , , , , , , , , , , , , , , , 
A04AQ110,Finishing Work,Door & Window Work,Wood Door w/ Wood Frame,M2,0,0,0,0, , , , , , , , , , , , , , , , , , , , , , , , , , , , , , , , , , , , , , , , , , , , , , , , , , , , , , , , , , , , , , 
A04AQ111,Finishing Work,Door & Window Work,Wood Door w/ Wood Frame & Vision Panel for Each Leaf,M2,0,0,0,0, , , , , , , , , , , , , , , , , , , , , , , , , , , , , , , , , , , , , , , , , , , , , , , , , , , , , , , , , , , , , , 
A04AQ112,Finishing Work,Door & Window Work,Steel Roll Up Door w/ Steel Frame,M2,0,0,0,0, , , , , , , , , , , , , , , , , , , , , , , , , , , , , , , , , , , , , , , , , , , , , , , , , , , , , , , , , , , , , , 
A04AQ113,Finishing Work,Door & Window Work,Blast Resistant Roll Up Door w/ Steel Frame,M2,0,0,0,0, , , , , , , , , , , , , , , , , , , , , , , , , , , , , , , , , , , , , , , , , , , , , , , , , , , , , , , , , , , , , , 
A04AQ114,Finishing Work,Door & Window Work,Aluminum Roll Up Door w/ Aluminum Frame,M2,0,0,0,0, , , , , , , , , , , , , , , , , , , , , , , , , , , , , , , , , , , , , , , , , , , , , , , , , , , , , , , , , , , , , , 
A04AQ115,Finishing Work,Door & Window Work,Steel Sliding Door w/ Steel Frame,M2,0,0,0,0, , , , , , , , , , , , , , , , , , , , , , , , , , , , , , , , , , , , , , , , , , , , , , , , , , , , , , , , , , , , , , 
A04AQ116,Finishing Work,Door & Window Work,Aluminum Sliding Door w/ Aluminum Frame,M2,0,0,0,0, , , , , , , , , , , , , , , , , , , , , , , , , , , , , , , , , , , , , , , , , , , , , , , , , , , , , , , , , , , , , , 
A04AQ117,Finishing Work,Door & Window Work,Steel Hanger Door w/ Steel Frame,M2,0,0,0,0, , , , , , , , , , , , , , , , , , , , , , , , , , , , , , , , , , , , , , , , , , , , , , , , , , , , , , , , , , , , , , 
A04AQ118,Finishing Work,Door & Window Work,Steel Swing Door w/ Steel Frame,M2,0,0,0,0, , , , , , , , , , , , , , , , , , , , , , , , , , , , , , , , , , , , , , , , , , , , , , , , , , , , , , , , , , , , , , 
A04AQ119,Finishing Work,Door & Window Work,Aluminum Swing Door w/ Aluminum Frame,M2,0,0,0,0, , , , , , , , , , , , , , , , , , , , , , , , , , , , , , , , , , , , , , , , , , , , , , , , , , , , , , , , , , , , , , 
A04AQ120,Finishing Work,Door & Window Work,Revolving Door,EA,0,0,0,0, , , , , , , , , , , , , , , , , , , , , , , , , , , , , , , , , , , , , , , , , , , , , , , , , , , , , , , , , , , , , , 
A04AQ121,Finishing Work,Door & Window Work,Steel Folding(Accordion) Door w/ Steel Frame,M2,0,0,0,0, , , , , , , , , , , , , , , , , , , , , , , , , , , , , , , , , , , , , , , , , , , , , , , , , , , , , , , , , , , , , , 
A04AQ122,Finishing Work,Door & Window Work,Aluminum Folding(Accordion) Door w/ Aluminum Frame,M2,0,0,0,0, , , , , , , , , , , , , , , , , , , , , , , , , , , , , , , , , , , , , , , , , , , , , , , , , , , , , , , , , , , , , , 
A04AQ123,Finishing Work,Door & Window Work,PVC Folding(Accordion) Door w/ PVC Frame,M2,0,0,0,0, , , , , , , , , , , , , , , , , , , , , , , , , , , , , , , , , , , , , , , , , , , , , , , , , , , , , , , , , , , , , , 
A04AQ124,Finishing Work,Door & Window Work,uPVC Door w/ uPVC Frame,M2,0,0,0,0, , , , , , , , , , , , , , , , , , , , , , , , , , , , , , , , , , , , , , , , , , , , , , , , , , , , , , , , , , , , , , 
A04AQ125,Finishing Work,Door & Window Work,Master Key System,SET,0,0,0,0, , , , , , , , , , , , , , , , , , , , , , , , , , , , , , , , , , , , , , , , , , , , , , , , , , , , , , , , , , , , , , 
A04AQ126,Finishing Work,Door & Window Work,Steel Window,M2,0,0,0,0, , , , , , , , , , , , , , , , , , , , , , , , , , , , , , , , , , , , , , , , , , , , , , , , , , , , , , , , , , , , , , 
A04AQ127,Finishing Work,Door & Window Work,Aluminum Window,M2,0,0,0,0, , , , , , , , , , , , , , , , , , , , , , , , , , , , , , , , , , , , , , , , , , , , , , , , , , , , , , , , , , , , , , 
A04AQ128,Finishing Work,Door & Window Work,uPVC Window,M2,0,0,0,0, , , , , , , , , , , , , , , , , , , , , , , , , , , , , , , , , , , , , , , , , , , , , , , , , , , , , , , , , , , , , , 
A04AQ129,Finishing Work,Door & Window Work,Skylight,M2,0,0,0,0, , , , , , , , , , , , , , , , , , , , , , , , , , , , , , , , , , , , , , , , , , , , , , , , , , , , , , , , , , , , , , 
A04AQ130,Finishing Work,Door & Window Work,Louver,M2,0,0,0,0, , , , , , , , , , , , , , , , , , , , , , , , , , , , , , , , , , , , , , , , , , , , , , , , , , , , , , , , , , , , , , 
A04AQ131,Finishing Work,Door & Window Work,Shade,M2,0,0,0,0, , , , , , , , , , , , , , , , , , , , , , , , , , , , , , , , , , , , , , , , , , , , , , , , , , , , , , , , , , , , , , 
A04AR132,Finishing Work,Exterior/Interior Finish Work,Marble Window Sill,M,0,0,0,0, , , , , , , , , , , , , , , , , , , , , , , , , , , , , , , , , , , , , , , , , , , , , , , , , , , , , , , , , , , , , , 
A04AR133,Finishing Work,Exterior/Interior Finish Work,Screed,M2,0,0,0,0, , , , , , , , , , , , , , , , , , , , , , , , , , , , , , , , , , , , , , , , , , , , , , , , , , , , , , , , , , , , , , 
A04AR038,Finishing Work,Exterior/Interior Finish Work,Welded Wire Fabric,M2,0,0,0,0, , , , , , , , , , , , , , , , , , , , , , , , , , , , , , , , , , , , , , , , , , , , , , , , , , , , , , , , , , , , , , 
A04AR134,Finishing Work,Exterior/Interior Finish Work,Carpet,M2,0,0,0,1,O, ,Structural Foundations>All element of Category, , , , ,Structural Foundations>All element of Category, , , , , , , , , , , , , , , , , , , , , , , , , , , , , , , , , , , , , , , , , , , , , , , , , , , , , , 
A04AR135,Finishing Work,Exterior/Interior Finish Work,Carpet Tile,M2,0,0,0,1,O, ,Structural Foundations>All element of Category, , , , ,Structural Foundations>All element of Category, , , , , , , , , , , , , , , , , , , , , , , , , , , , , , , , , , , , , , , , , , , , , , , , , , , , , , 
A04AR136,Finishing Work,Exterior/Interior Finish Work,Recess Floor Mat,M2,0,0,0,1,O, ,Structural Foundations>All element of Category, , , , ,Structural Foundations>All element of Category, , , , , , , , , , , , , , , , , , , , , , , , , , , , , , , , , , , , , , , , , , , , , , , , , , , , , , 
A04AR137,Finishing Work,Exterior/Interior Finish Work,Entrance Floor Mats and Frame,M2,0,0,0,1,O, ,Structural Foundations>All element of Category, , , , ,Structural Foundations>All element of Category, , , , , , , , , , , , , , , , , , , , , , , , , , , , , , , , , , , , , , , , , , , , , , , , , , , , , , 
A04AR138,Finishing Work,Exterior/Interior Finish Work,Steel Trowel Finish,M2,0,0,0,1,O, ,Structural Foundations>All element of Category, , , , ,Structural Foundations>All element of Category, , , , , , , , , , , , , , , , , , , , , , , , , , , , , , , , , , , , , , , , , , , , , , , , , , , , , , 
A04AR139,Finishing Work,Exterior/Interior Finish Work,Raised Floor,M2,0,0,0,1,O, ,Structural Foundations>All element of Category, , , , ,Structural Foundations>All element of Category, , , , , , , , , , , , , , , , , , , , , , , , , , , , , , , , , , , , , , , , , , , , , , , , , , , , , , 
A04AR140,Finishing Work,Exterior/Interior Finish Work,Raised Floor ,M2,0,0,0,1,O, ,Structural Foundations>All element of Category, , , , ,Structural Foundations>All element of Category, , , , , , , , , , , , , , , , , , , , , , , , , , , , , , , , , , , , , , , , , , , , , , , , , , , , , , 
A04AR141,Finishing Work,Exterior/Interior Finish Work,Material Dividing Strip,M,0,0,0,1,O, ,Structural Foundations>All element of Category, , , , ,Structural Foundations>All element of Category, , , , , , , , , , , , , , , , , , , , , , , , , , , , , , , , , , , , , , , , , , , , , , , , , , , , , , 
A04AR142,Finishing Work,Exterior/Interior Finish Work,Plasterboard Dry Liner System,M2,0,0,0,0, , , , , , , , , , , , , , , , , , , , , , , , , , , , , , , , , , , , , , , , , , , , , , , , , , , , , , , , , , , , , , 
A04AR143,Finishing Work,Exterior/Interior Finish Work,Gypsumboard Partition Wall (Fixed Type),M2,0,0,0,0, , , , , , , , , , , , , , , , , , , , , , , , , , , , , , , , , , , , , , , , , , , , , , , , , , , , , , , , , , , , , , 
A04AR144,Finishing Work,Exterior/Interior Finish Work,Gypsumboard Partition Wall (Removable Type),M2,0,0,0,0, , , , , , , , , , , , , , , , , , , , , , , , , , , , , , , , , , , , , , , , , , , , , , , , , , , , , , , , , , , , , , 
A04AR145,Finishing Work,Exterior/Interior Finish Work,Cubicle Partition,M,0,0,0,0, , , , , , , , , , , , , , , , , , , , , , , , , , , , , , , , , , , , , , , , , , , , , , , , , , , , , , , , , , , , , , 
A04AR146,Finishing Work,Exterior/Interior Finish Work,Shower Booth Partition,M,0,0,0,0, , , , , , , , , , , , , , , , , , , , , , , , , , , , , , , , , , , , , , , , , , , , , , , , , , , , , , , , , , , , , , 
A04AR147,Finishing Work,Exterior/Interior Finish Work,Acoustic Panel,M2,0,0,0,0, , , , , , , , , , , , , , , , , , , , , , , , , , , , , , , , , , , , , , , , , , , , , , , , , , , , , , , , , , , , , , 
A04AR148,Finishing Work,Exterior/Interior Finish Work,Face Brick,M2,0,0,0,0, , , , , , , , , , , , , , , , , , , , , , , , , , , , , , , , , , , , , , , , , , , , , , , , , , , , , , , , , , , , , , 
A04AR149,Finishing Work,Exterior/Interior Finish Work,Hard Wood Trim,M,0,0,0,0, , , , , , , , , , , , , , , , , , , , , , , , , , , , , , , , , , , , , , , , , , , , , , , , , , , , , , , , , , , , , , 
A04AR150,Finishing Work,Exterior/Interior Finish Work,Aluminum Baseboard,M,0,0,0,0, , , , , , , , , , , , , , , , , , , , , , , , , , , , , , , , , , , , , , , , , , , , , , , , , , , , , , , , , , , , , , 
A04AR151,Finishing Work,Exterior/Interior Finish Work,Coved Rubber Skirting,M,0,0,0,0, , , , , , , , , , , , , , , , , , , , , , , , , , , , , , , , , , , , , , , , , , , , , , , , , , , , , , , , , , , , , , 
A04AR152,Finishing Work,Exterior/Interior Finish Work,Fiber Board Ceiling System,M2,0,0,0,0, , , , , , , , , , , , , , , , , , , , , , , , , , , , , , , , , , , , , , , , , , , , , , , , , , , , , , , , , , , , , , 
A04AR153,Finishing Work,Exterior/Interior Finish Work,Gypsum Plaster Board Ceiling System,M2,0,0,0,0, , , , , , , , , , , , , , , , , , , , , , , , , , , , , , , , , , , , , , , , , , , , , , , , , , , , , , , , , , , , , , 
A04AR154,Finishing Work,Exterior/Interior Finish Work,Moisture Resistant Gypsum Plaster Board Ceiling System,M2,0,0,0,0, , , , , , , , , , , , , , , , , , , , , , , , , , , , , , , , , , , , , , , , , , , , , , , , , , , , , , , , , , , , , , 
A04AR155,Finishing Work,Exterior/Interior Finish Work,Cement Board Ceiling System,M2,0,0,0,0, , , , , , , , , , , , , , , , , , , , , , , , , , , , , , , , , , , , , , , , , , , , , , , , , , , , , , , , , , , , , , 
A04AR156,Finishing Work,Exterior/Interior Finish Work,Acoustic Tiled Ceiling System,M2,0,0,0,0, , , , , , , , , , , , , , , , , , , , , , , , , , , , , , , , , , , , , , , , , , , , , , , , , , , , , , , , , , , , , , 
A04AR157,Finishing Work,Exterior/Interior Finish Work,Moisture Resistant Tiled Ceiling System,M2,0,0,0,0, , , , , , , , , , , , , , , , , , , , , , , , , , , , , , , , , , , , , , , , , , , , , , , , , , , , , , , , , , , , , , 
A04AR158,Finishing Work,Exterior/Interior Finish Work,Aluminum Spandrel Ceiling System,M2,0,0,0,0, , , , , , , , , , , , , , , , , , , , , , , , , , , , , , , , , , , , , , , , , , , , , , , , , , , , , , , , , , , , , , 
A04AR159,Finishing Work,Exterior/Interior Finish Work,Metal Open Cell Ceiling,M2,0,0,0,0, , , , , , , , , , , , , , , , , , , , , , , , , , , , , , , , , , , , , , , , , , , , , , , , , , , , , , , , , , , , , , 
A04AR160,Finishing Work,Exterior/Interior Finish Work,Rigid Insulation,M2,0,0,0,0, , , , , , , , , , , , , , , , , , , , , , , , , , , , , , , , , , , , , , , , , , , , , , , , , , , , , , , , , , , , , , 
A04AR161,Finishing Work,Exterior/Interior Finish Work,Pre-Fabricated Canopy,EA,0,0,0,0, , , , , , , , , , , , , , , , , , , , , , , , , , , , , , , , , , , , , , , , , , , , , , , , , , , , , , , , , , , , , , 
A04AR162,Finishing Work,Exterior/Interior Finish Work,Custom-Made Canopy for Main Entrance,SET,0,0,0,0, , , , , , , , , , , , , , , , , , , , , , , , , , , , , , , , , , , , , , , , , , , , , , , , , , , , , , , , , , , , , , 
A04AR163,Finishing Work,Exterior/Interior Finish Work,Roof Tile,M2,0,0,0,0, , , , , , , , , , , , , , , , , , , , , , , , , , , , , , , , , , , , , , , , , , , , , , , , , , , , , , , , , , , , , , 
A04AS164,Finishing Work,Plastering Work,Plastering,M2,0,0,0,0, , , , , , , , , , , , , , , , , , , , , , , , , , , , , , , , , , , , , , , , , , , , , , , , , , , , , , , , , , , , , , 
A05ZZ165,Cladding Work,null,Single Metal Sheet,M2,0,0,0,0, , , , , , , , , , , , , , , , , , , , , , , , , , , , , , , , , , , , , , , , , , , , , , , , , , , , , , , , , , , , , , 
A05ZZ166,Cladding Work,null,Sandwich Panel,M2,0,0,0,0, , , , , , , , , , , , , , , , , , , , , , , , , , , , , , , , , , , , , , , , , , , , , , , , , , , , , , , , , , , , , , 
A05ZZ167,Cladding Work,null,FRP Translucent Panel w/ Accessories,M2,0,0,0,0, , , , , , , , , , , , , , , , , , , , , , , , , , , , , , , , , , , , , , , , , , , , , , , , , , , , , , , , , , , , , , 
A05ZZ168,Cladding Work,null,Glass Panel,M2,0,0,0,0, , , , , , , , , , , , , , , , , , , , , , , , , , , , , , , , , , , , , , , , , , , , , , , , , , , , , , , , , , , , , , 
A05ZZ169,Cladding Work,null,Fabric Roof,M2,0,0,0,0, , , , , , , , , , , , , , , , , , , , , , , , , , , , , , , , , , , , , , , , , , , , , , , , , , , , , , , , , , , , , , 
A05ZZ170,Cladding Work,null,Gutter,M,0,0,0,0, , , , , , , , , , , , , , , , , , , , , , , , , , , , , , , , , , , , , , , , , , , , , , , , , , , , , , , , , , , , , , 
A04AU171,Finishing Work,Misc. Work,Roof Drain (for Building),EA,0,0,0,0, , , , , , , , , , , , , , , , , , , , , , , , , , , , , , , , , , , , , , , , , , , , , , , , , , , , , , , , , , , , , , 
A04AU172,Finishing Work,Misc. Work,Roof Drain (for Shelter),EA,0,0,0,0, , , , , , , , , , , , , , , , , , , , , , , , , , , , , , , , , , , , , , , , , , , , , , , , , , , , , , , , , , , , , , 
A04AU173,Finishing Work,Misc. Work,Downspout,M,0,0,0,0, , , , , , , , , , , , , , , , , , , , , , , , , , , , , , , , , , , , , , , , , , , , , , , , , , , , , , , , , , , , , , 
A04AU174,Finishing Work,Misc. Work,Water Collection Box,EA,0,0,0,0, , , , , , , , , , , , , , , , , , , , , , , , , , , , , , , , , , , , , , , , , , , , , , , , , , , , , , , , , , , , , , 
A04AU175,Finishing Work,Misc. Work,Splash Block,EA,0,0,0,0, , , , , , , , , , , , , , , , , , , , , , , , , , , , , , , , , , , , , , , , , , , , , , , , , , , , , , , , , , , , , , 
A04AU176,Finishing Work,Misc. Work,Natural Ventilator,EA,0,0,0,0, , , , , , , , , , , , , , , , , , , , , , , , , , , , , , , , , , , , , , , , , , , , , , , , , , , , , , , , , , , , , , 
A04AU177,Finishing Work,Misc. Work,Manhole Cover,EA,0,0,0,0, , , , , , , , , , , , , , , , , , , , , , , , , , , , , , , , , , , , , , , , , , , , , , , , , , , , , , , , , , , , , , 
A04AU178,Finishing Work,Misc. Work,Chain Link Fence (Fixed Type),M,0,0,0,0, , , , , , , , , , , , , , , , , , , , , , , , , , , , , , , , , , , , , , , , , , , , , , , , , , , , , , , , , , , , , , 
A04AU179,Finishing Work,Misc. Work,Chain Link Fence (Removable Type),M,0,0,0,0, , , , , , , , , , , , , , , , , , , , , , , , , , , , , , , , , , , , , , , , , , , , , , , , , , , , , , , , , , , , , , 
A04AU180,Finishing Work,Misc. Work,Chain Link Fence Single Gate,EA,0,0,0,0, , , , , , , , , , , , , , , , , , , , , , , , , , , , , , , , , , , , , , , , , , , , , , , , , , , , , , , , , , , , , , 
A04AU181,Finishing Work,Misc. Work,Chain Link Fence Double Gate,EA,0,0,0,0, , , , , , , , , , , , , , , , , , , , , , , , , , , , , , , , , , , , , , , , , , , , , , , , , , , , , , , , , , , , , , 
A04AU182,Finishing Work,Misc. Work,Metal Louvered Fence,M,0,0,0,0, , , , , , , , , , , , , , , , , , , , , , , , , , , , , , , , , , , , , , , , , , , , , , , , , , , , , , , , , , , , , , 
A04AU183,Finishing Work,Misc. Work,Metal Louvered Fence Single Gate,EA,0,0,0,0, , , , , , , , , , , , , , , , , , , , , , , , , , , , , , , , , , , , , , , , , , , , , , , , , , , , , , , , , , , , , , 
A04AU184,Finishing Work,Misc. Work,Metal Louvered Fence Double Gate,EA,0,0,0,0, , , , , , , , , , , , , , , , , , , , , , , , , , , , , , , , , , , , , , , , , , , , , , , , , , , , , , , , , , , , , , 
A04AU185,Finishing Work,Misc. Work,Steel Bollard,EA,0,0,0,0, , , , , , , , , , , , , , , , , , , , , , , , , , , , , , , , , , , , , , , , , , , , , , , , , , , , , , , , , , , , , , 
A04AU186,Finishing Work,Misc. Work,Building Signage,SET,0,0,0,0, , , , , , , , , , , , , , , , , , , , , , , , , , , , , , , , , , , , , , , , , , , , , , , , , , , , , , , , , , , , , , 
A04AU187,Finishing Work,Misc. Work,Room Signage,SET,0,0,0,0, , , , , , , , , , , , , , , , , , , , , , , , , , , , , , , , , , , , , , , , , , , , , , , , , , , , , , , , , , , , , , 
A04AU188,Finishing Work,Misc. Work,Turnstile,SET,0,0,0,0, , , , , , , , , , , , , , , , , , , , , , , , , , , , , , , , , , , , , , , , , , , , , , , , , , , , , , , , , , , , , , 
A04AU189,Finishing Work,Misc. Work,Wheel Stop,EA,0,0,0,0, , , , , , , , , , , , , , , , , , , , , , , , , , , , , , , , , , , , , , , , , , , , , , , , , , , , , , , , , , , , , , 
A04AU190,Finishing Work,Misc. Work,Mirror,EA,0,0,0,0, , , , , , , , , , , , , , , , , , , , , , , , , , , , , , , , , , , , , , , , , , , , , , , , , , , , , , , , , , , , , , 
A04AU191,Finishing Work,Misc. Work,Mirror w/ Shelf,EA,0,0,0,0, , , , , , , , , , , , , , , , , , , , , , , , , , , , , , , , , , , , , , , , , , , , , , , , , , , , , , , , , , , , , , 
A04AU192,Finishing Work,Misc. Work,Liquid Soap Dispensers,EA,0,0,0,0, , , , , , , , , , , , , , , , , , , , , , , , , , , , , , , , , , , , , , , , , , , , , , , , , , , , , , , , , , , , , , 
A04AU193,Finishing Work,Misc. Work,Soap Dish,EA,0,0,0,0, , , , , , , , , , , , , , , , , , , , , , , , , , , , , , , , , , , , , , , , , , , , , , , , , , , , , , , , , , , , , , 
A04AU194,Finishing Work,Misc. Work,Towel Bar,EA,0,0,0,0, , , , , , , , , , , , , , , , , , , , , , , , , , , , , , , , , , , , , , , , , , , , , , , , , , , , , , , , , , , , , , 
A04AU195,Finishing Work,Misc. Work,Coat & Hat Hooks,EA,0,0,0,0, , , , , , , , , , , , , , , , , , , , , , , , , , , , , , , , , , , , , , , , , , , , , , , , , , , , , , , , , , , , , , 
A04AU196,Finishing Work,Misc. Work,Electric Hand Dryer,EA,0,0,0,0, , , , , , , , , , , , , , , , , , , , , , , , , , , , , , , , , , , , , , , , , , , , , , , , , , , , , , , , , , , , , , 
A04AU197,Finishing Work,Misc. Work,Paper Tower Dispenser,EA,0,0,0,0, , , , , , , , , , , , , , , , , , , , , , , , , , , , , , , , , , , , , , , , , , , , , , , , , , , , , , , , , , , , , , 
A04AU198,Finishing Work,Misc. Work,Paper Towel Dispenser and Waste Receptacle,EA,0,0,0,0, , , , , , , , , , , , , , , , , , , , , , , , , , , , , , , , , , , , , , , , , , , , , , , , , , , , , , , , , , , , , , 
A04AU199,Finishing Work,Misc. Work,Toilet Tissue Dispenser,EA,0,0,0,0, , , , , , , , , , , , , , , , , , , , , , , , , , , , , , , , , , , , , , , , , , , , , , , , , , , , , , , , , , , , , , 
A04AU200,Finishing Work,Misc. Work,Grease Traps,EA,0,0,0,0, , , , , , , , , , , , , , , , , , , , , , , , , , , , , , , , , , , , , , , , , , , , , , , , , , , , , , , , , , , , , , 
A04AU201,Finishing Work,Misc. Work,Shelves,EA,0,0,0,0, , , , , , , , , , , , , , , , , , , , , , , , , , , , , , , , , , , , , , , , , , , , , , , , , , , , , , , , , , , , , , 
A04AU202,Finishing Work,Misc. Work,Shower Curtain and Curtain Rod,EA,0,0,0,0, , , , , , , , , , , , , , , , , , , , , , , , , , , , , , , , , , , , , , , , , , , , , , , , , , , , , , , , , , , , , , 
A04AU203,Finishing Work,Misc. Work,Waste Bin,EA,0,0,0,0, , , , , , , , , , , , , , , , , , , , , , , , , , , , , , , , , , , , , , , , , , , , , , , , , , , , , , , , , , , , , , 
A04AU204,Finishing Work,Misc. Work,Toilet Seat-Cover Dispenser,EA,0,0,0,0, , , , , , , , , , , , , , , , , , , , , , , , , , , , , , , , , , , , , , , , , , , , , , , , , , , , , , , , , , , , , , 
A04AU205,Finishing Work,Misc. Work,Ash Tray,EA,0,0,0,0, , , , , , , , , , , , , , , , , , , , , , , , , , , , , , , , , , , , , , , , , , , , , , , , , , , , , , , , , , , , , , 
A04AU206,Finishing Work,Misc. Work,Urinal Partition,EA,0,0,0,0, , , , , , , , , , , , , , , , , , , , , , , , , , , , , , , , , , , , , , , , , , , , , , , , , , , , , , , , , , , , , , 
A04AU207,Finishing Work,Misc. Work,Septic Tank,EA,0,0,0,0, , , , , , , , , , , , , , , , , , , , , , , , , , , , , , , , , , , , , , , , , , , , , , , , , , , , , , , , , , , , , , 
A04AU208,Finishing Work,Misc. Work,Feature Water Wall,M2,0,0,0,0, , , , , , , , , , , , , , , , , , , , , , , , , , , , , , , , , , , , , , , , , , , , , , , , , , , , , , , , , , , , , , 
A04AU209,Finishing Work,Misc. Work,Urinal Sill,M,0,0,0,0, , , , , , , , , , , , , , , , , , , , , , , , , , , , , , , , , , , , , , , , , , , , , , , , , , , , , , , , , , , , , , 
A04AU210,Finishing Work,Misc. Work,Marble Washstand,M,0,0,0,0, , , , , , , , , , , , , , , , , , , , , , , , , , , , , , , , , , , , , , , , , , , , , , , , , , , , , , , , , , , , , , 
A04AU211,Finishing Work,Misc. Work,Column Guard,EA,0,0,0,0, , , , , , , , , , , , , , , , , , , , , , , , , , , , , , , , , , , , , , , , , , , , , , , , , , , , , , , , , , , , , , 
A04AU212,Finishing Work,Misc. Work,Non Slip Nosing,M,0,0,0,0, , , , , , , , , , , , , , , , , , , , , , , , , , , , , , , , , , , , , , , , , , , , , , , , , , , , , , , , , , , , , , 
A04AU213,Finishing Work,Misc. Work,Flashing Cover for opening,M2,0,0,0,0, , , , , , , , , , , , , , , , , , , , , , , , , , , , , , , , , , , , , , , , , , , , , , , , , , , , , , , , , , , , , , 
A04AU214,Finishing Work,Misc. Work,Interlocking Block,M2,0,0,0,0, , , , , , , , , , , , , , , , , , , , , , , , , , , , , , , , , , , , , , , , , , , , , , , , , , , , , , , , , , , , , , 
A04AU215,Finishing Work,Misc. Work,Plant Box,EA,0,0,0,0, , , , , , , , , , , , , , , , , , , , , , , , , , , , , , , , , , , , , , , , , , , , , , , , , , , , , , , , , , , , , , 
A04AV216,Finishing Work,Landscaping,Detail Design,Lot,0,0,0,0, , , , , , , , , , , , , , , , , , , , , , , , , , , , , , , , , , , , , , , , , , , , , , , , , , , , , , , , , , , , , , 
A04AV217,Finishing Work,Landscaping,Soft Landscaping,M2,0,0,0,0, , , , , , , , , , , , , , , , , , , , , , , , , , , , , , , , , , , , , , , , , , , , , , , , , , , , , , , , , , , , , , 
A04AV218,Finishing Work,Landscaping,Hard Landscaping,M2,0,0,0,0, , , , , , , , , , , , , , , , , , , , , , , , , , , , , , , , , , , , , , , , , , , , , , , , , , , , , , , , , , , , , , 
A04AW219,Finishing Work,Furniture Installation,Automatic Counter Top Tea/Coffee Machine,EA,0,0,0,0, , , , , , , , , , , , , , , , , , , , , , , , , , , , , , , , , , , , , , , , , , , , , , , , , , , , , , , , , , , , , , 
A04AW220,Finishing Work,Furniture Installation,Benches,EA,0,0,0,0, , , , , , , , , , , , , , , , , , , , , , , , , , , , , , , , , , , , , , , , , , , , , , , , , , , , , , , , , , , , , , 
A04AW221,Finishing Work,Furniture Installation,Bicycle/ Tricycle Cart Stand,EA,0,0,0,0, , , , , , , , , , , , , , , , , , , , , , , , , , , , , , , , , , , , , , , , , , , , , , , , , , , , , , , , , , , , , , 
A04AW222,Finishing Work,Furniture Installation,Printer,EA,0,0,0,0, , , , , , , , , , , , , , , , , , , , , , , , , , , , , , , , , , , , , , , , , , , , , , , , , , , , , , , , , , , , , , 
A04AW223,Finishing Work,Furniture Installation,Bed,EA,0,0,0,0, , , , , , , , , , , , , , , , , , , , , , , , , , , , , , , , , , , , , , , , , , , , , , , , , , , , , , , , , , , , , , 
A04AW224,Finishing Work,Furniture Installation,Chairs,EA,0,0,0,0, , , , , , , , , , , , , , , , , , , , , , , , , , , , , , , , , , , , , , , , , , , , , , , , , , , , , , , , , , , , , , 
A04AW225,Finishing Work,Furniture Installation,Cloak-Stand,EA,0,0,0,0, , , , , , , , , , , , , , , , , , , , , , , , , , , , , , , , , , , , , , , , , , , , , , , , , , , , , , , , , , , , , , 
A04AW226,Finishing Work,Furniture Installation,Desk,EA,0,0,0,0, , , , , , , , , , , , , , , , , , , , , , , , , , , , , , , , , , , , , , , , , , , , , , , , , , , , , , , , , , , , , , 
A04AW227,Finishing Work,Furniture Installation,Desk Lamp,EA,0,0,0,0, , , , , , , , , , , , , , , , , , , , , , , , , , , , , , , , , , , , , , , , , , , , , , , , , , , , , , , , , , , , , , 
A04AW228,Finishing Work,Furniture Installation,Desk Top Computer & Monitor,EA,0,0,0,0, , , , , , , , , , , , , , , , , , , , , , , , , , , , , , , , , , , , , , , , , , , , , , , , , , , , , , , , , , , , , , 
A04AW229,Finishing Work,Furniture Installation,Dining Chair,EA,0,0,0,0, , , , , , , , , , , , , , , , , , , , , , , , , , , , , , , , , , , , , , , , , , , , , , , , , , , , , , , , , , , , , , 
A04AW230,Finishing Work,Furniture Installation,Dining Table,EA,0,0,0,0, , , , , , , , , , , , , , , , , , , , , , , , , , , , , , , , , , , , , , , , , , , , , , , , , , , , , , , , , , , , , , 
A04AW231,Finishing Work,Furniture Installation,Hanger,EA,0,0,0,0, , , , , , , , , , , , , , , , , , , , , , , , , , , , , , , , , , , , , , , , , , , , , , , , , , , , , , , , , , , , , , 
A04AW232,Finishing Work,Furniture Installation,Executive Chair,EA,0,0,0,0, , , , , , , , , , , , , , , , , , , , , , , , , , , , , , , , , , , , , , , , , , , , , , , , , , , , , , , , , , , , , , 
A04AW233,Finishing Work,Furniture Installation,Filing Drawers,EA,0,0,0,0, , , , , , , , , , , , , , , , , , , , , , , , , , , , , , , , , , , , , , , , , , , , , , , , , , , , , , , , , , , , , , 
A04AW234,Finishing Work,Furniture Installation,Full Height Locker,EA,0,0,0,0, , , , , , , , , , , , , , , , , , , , , , , , , , , , , , , , , , , , , , , , , , , , , , , , , , , , , , , , , , , , , , 
A04AW235,Finishing Work,Furniture Installation,Half Height Locker,EA,0,0,0,0, , , , , , , , , , , , , , , , , , , , , , , , , , , , , , , , , , , , , , , , , , , , , , , , , , , , , , , , , , , , , , 
A04AW236,Finishing Work,Furniture Installation,Hot Plate,EA,0,0,0,0, , , , , , , , , , , , , , , , , , , , , , , , , , , , , , , , , , , , , , , , , , , , , , , , , , , , , , , , , , , , , , 
A04AW237,Finishing Work,Furniture Installation,Information Board,EA,0,0,0,0, , , , , , , , , , , , , , , , , , , , , , , , , , , , , , , , , , , , , , , , , , , , , , , , , , , , , , , , , , , , , , 
A04AW238,Finishing Work,Furniture Installation,Key Cabinet,EA,0,0,0,0, , , , , , , , , , , , , , , , , , , , , , , , , , , , , , , , , , , , , , , , , , , , , , , , , , , , , , , , , , , , , , 
A04AW239,Finishing Work,Furniture Installation,Kitchen Sink,EA,0,0,0,0, , , , , , , , , , , , , , , , , , , , , , , , , , , , , , , , , , , , , , , , , , , , , , , , , , , , , , , , , , , , , , 
A04AW240,Finishing Work,Furniture Installation,Kitchen Unit,LOT,0,0,0,0, , , , , , , , , , , , , , , , , , , , , , , , , , , , , , , , , , , , , , , , , , , , , , , , , , , , , , , , , , , , , , 
A04AW241,Finishing Work,Furniture Installation,Metal Cabinet,EA,0,0,0,0, , , , , , , , , , , , , , , , , , , , , , , , , , , , , , , , , , , , , , , , , , , , , , , , , , , , , , , , , , , , , , 
A04AW242,Finishing Work,Furniture Installation,Microwave Oven,EA,0,0,0,0, , , , , , , , , , , , , , , , , , , , , , , , , , , , , , , , , , , , , , , , , , , , , , , , , , , , , , , , , , , , , , 
A04AW243,Finishing Work,Furniture Installation,Office Partition,LOT,0,0,0,0, , , , , , , , , , , , , , , , , , , , , , , , , , , , , , , , , , , , , , , , , , , , , , , , , , , , , , , , , , , , , , 
A04AW244,Finishing Work,Furniture Installation,Printer Table,EA,0,0,0,0, , , , , , , , , , , , , , , , , , , , , , , , , , , , , , , , , , , , , , , , , , , , , , , , , , , , , , , , , , , , , , 
A04AW245,Finishing Work,Furniture Installation,Quartz Clock,EA,0,0,0,0, , , , , , , , , , , , , , , , , , , , , , , , , , , , , , , , , , , , , , , , , , , , , , , , , , , , , , , , , , , , , , 
A04AW246,Finishing Work,Furniture Installation,Reception Counter,EA,0,0,0,0, , , , , , , , , , , , , , , , , , , , , , , , , , , , , , , , , , , , , , , , , , , , , , , , , , , , , , , , , , , , , , 
A04AW247,Finishing Work,Furniture Installation,Refrigerator,EA,0,0,0,0, , , , , , , , , , , , , , , , , , , , , , , , , , , , , , , , , , , , , , , , , , , , , , , , , , , , , , , , , , , , , , 
A04AW248,Finishing Work,Furniture Installation,Side Chair,EA,0,0,0,0, , , , , , , , , , , , , , , , , , , , , , , , , , , , , , , , , , , , , , , , , , , , , , , , , , , , , , , , , , , , , , 
A04AW249,Finishing Work,Furniture Installation,Sofa,EA,0,0,0,0, , , , , , , , , , , , , , , , , , , , , , , , , , , , , , , , , , , , , , , , , , , , , , , , , , , , , , , , , , , , , , 
A04AW250,Finishing Work,Furniture Installation,Storage Cabinets(Bookcase),EA,0,0,0,0, , , , , , , , , , , , , , , , , , , , , , , , , , , , , , , , , , , , , , , , , , , , , , , , , , , , , , , , , , , , , , 
A04AW251,Finishing Work,Furniture Installation,Strip Curtain,EA,0,0,0,0, , , , , , , , , , , , , , , , , , , , , , , , , , , , , , , , , , , , , , , , , , , , , , , , , , , , , , , , , , , , , , 
A04AW252,Finishing Work,Furniture Installation,Table,EA,0,0,0,0, , , , , , , , , , , , , , , , , , , , , , , , , , , , , , , , , , , , , , , , , , , , , , , , , , , , , , , , , , , , , , 
A04AW253,Finishing Work,Furniture Installation,Tall Storage Cupboard,EA,0,0,0,0, , , , , , , , , , , , , , , , , , , , , , , , , , , , , , , , , , , , , , , , , , , , , , , , , , , , , , , , , , , , , , 
A04AW254,Finishing Work,Furniture Installation,Umbrella's Holder,EA,0,0,0,0, , , , , , , , , , , , , , , , , , , , , , , , , , , , , , , , , , , , , , , , , , , , , , , , , , , , , , , , , , , , , , 
A04AW255,Finishing Work,Furniture Installation,Visitors Chairs,EA,0,0,0,0, , , , , , , , , , , , , , , , , , , , , , , , , , , , , , , , , , , , , , , , , , , , , , , , , , , , , , , , , , , , , , 
A04AW256,Finishing Work,Furniture Installation,Wall Cupboard,EA,0,0,0,0, , , , , , , , , , , , , , , , , , , , , , , , , , , , , , , , , , , , , , , , , , , , , , , , , , , , , , , , , , , , , , 
A04AW257,Finishing Work,Furniture Installation,Washing Unit,LOT,0,0,0,0, , , , , , , , , , , , , , , , , , , , , , , , , , , , , , , , , , , , , , , , , , , , , , , , , , , , , , , , , , , , , , 
A04AW258,Finishing Work,Furniture Installation,Water Cooler,EA,0,0,0,0, , , , , , , , , , , , , , , , , , , , , , , , , , , , , , , , , , , , , , , , , , , , , , , , , , , , , , , , , , , , , , 
A04AW259,Finishing Work,Furniture Installation,White Board,EA,0,0,0,0, , , , , , , , , , , , , , , , , , , , , , , , , , , , , , , , , , , , , , , , , , , , , , , , , , , , , , , , , , , , , , 
A04AW260,Finishing Work,Furniture Installation,Rack,EA,0,0,0,0, , , , , , , , , , , , , , , , , , , , , , , , , , , , , , , , , , , , , , , , , , , , , , , , , , , , , , , , , , , , , , 
A04AW261,Finishing Work,Furniture Installation,Medicine Cabinet,EA,0,0,0,0, , , , , , , , , , , , , , , , , , , , , , , , , , , , , , , , , , , , , , , , , , , , , , , , , , , , , , , , , , , , , , 
A04AW262,Finishing Work,Furniture Installation,Others,EA,0,0,0,0, , , , , , , , , , , , , , , , , , , , , , , , , , , , , , , , , , , , , , , , , , , , , , , , , , , , , , , , , , , , , , 
A06BA263,Demolition work,Revamping Work,Demolition Work of Concrete Structure,M3,0,0,0,0, , , , , , , , , , , , , , , , , , , , , , , , , , , , , , , , , , , , , , , , , , , , , , , , , , , , , , , , , , , , , , 
A06BA264,Demolition work,Revamping Work,Cutting and Breaking Reinforced Conc.,M2,0,0,0,0, , , , , , , , , , , , , , , , , , , , , , , , , , , , , , , , , , , , , , , , , , , , , , , , , , , , , , , , , , , , , , 
A06BA265,Demolition work,Revamping Work,Demolition Work of Masonry,M2,0,0,0,0, , , , , , , , , , , , , , , , , , , , , , , , , , , , , , , , , , , , , , , , , , , , , , , , , , , , , , , , , , , , , , 
A06BA266,Demolition work,Revamping Work,Demolition Work of Roof Waterproofing System,M2,0,0,0,0, , , , , , , , , , , , , , , , , , , , , , , , , , , , , , , , , , , , , , , , , , , , , , , , , , , , , , , , , , , , , , 
A06BA267,Demolition work,Revamping Work,Demolition Work of Finishing Material,M2,0,0,0,0, , , , , , , , , , , , , , , , , , , , , , , , , , , , , , , , , , , , , , , , , , , , , , , , , , , , , , , , , , , , , , 
A06BA268,Demolition work,Revamping Work,Demolition Work of Door,EA,0,0,0,0, , , , , , , , , , , , , , , , , , , , , , , , , , , , , , , , , , , , , , , , , , , , , , , , , , , , , , , , , , , , , , 
A06BA269,Demolition work,Revamping Work,Demolition Work of Window,EA,0,0,0,0, , , , , , , , , , , , , , , , , , , , , , , , , , , , , , , , , , , , , , , , , , , , , , , , , , , , , , , , , , , , , , 
A06BA270,Demolition work,Revamping Work,Demolition Work of Cladding,M2,0,0,0,0, , , , , , , , , , , , , , , , , , , , , , , , , , , , , , , , , , , , , , , , , , , , , , , , , , , , , , , , , , , , , , 
A06BA271,Demolition work,Revamping Work,Demolition Work of Fence & Gates,M2,0,0,0,0, , , , , , , , , , , , , , , , , , , , , , , , , , , , , , , , , , , , , , , , , , , , , , , , , , , , , , , , , , , , , , 
A06BB272,Demolition work,Demolition Work,Demolition Work of RC Structure Building,LOT,0,0,0,0, , , , , , , , , , , , , , , , , , , , , , , , , , , , , , , , , , , , , , , , , , , , , , , , , , , , , , , , , , , , , , 
A06BB273,Demolition work,Demolition Work,Demolition Work of Steel Structure Shelter,LOT,0,0,0,0, , , , , , , , , , , , , , , , , , , , , , , , , , , , , , , , , , , , , , , , , , , , , , , , , , , , , , , , , , , , , , 
A04BC274,Finishing Work,Work for Ergonomic/Sustainable Design ,Ergonomic Designed Area,M2,0,0,0,0, , , , , , , , , , , , , , , , , , , , , , , , , , , , , , , , , , , , , , , , , , , , , , , , , , , , , , , , , , , , , , 
A04BC275,Finishing Work,Work for Ergonomic/Sustainable Design ,Sustainable Designed Area,M2,0,0,0,0, , , , , , , , , , , , , , , , , , , , , , , , , , , , , , , , , , , , , , , , , , , , , , , , , , , , , , , , , , , , , , 
0,0,0,0, ,0,0,0, , , , , , , , , , , , , , , , , , , , , , , , , , , , , , , , , , , , , , , , , , , , , , , , , , , , , , , , , , , , , , , 
S01AA001,Main Steel Structure Fabrication Work,Shelter/Building,Heavy Steel - Standard (Weight≥90KG/M),TON,0,0,0,0, , , , , , , , , , , , , , , , , , , , , , , , , , , , , , , , , , , , , , , , , , , , , , , , , , , , , , , , , , , , , , 
S01AA002,Main Steel Structure Fabrication Work,Shelter/Building,Medium Steel - Standard (90KG/M>Weight≥30KG/M),TON,0,0,0,0, , , , , , , , , , , , , , , , , , , , , , , , , , , , , , , , , , , , , , , , , , , , , , , , , , , , , , , , , , , , , , 
S01AA003,Main Steel Structure Fabrication Work,Shelter/Building,Light Steel - Standard (30KG/M>Weight),TON,0,0,0,0, , , , , , , , , , , , , , , , , , , , , , , , , , , , , , , , , , , , , , , , , , , , , , , , , , , , , , , , , , , , , , 
S01AA004,Main Steel Structure Fabrication Work,Shelter/Building,Heavy Steel - Built up (Weight≥90KG/M),TON,0,0,0,0, , , , , , , , , , , , , , , , , , , , , , , , , , , , , , , , , , , , , , , , , , , , , , , , , , , , , , , , , , , , , , 
S01AA005,Main Steel Structure Fabrication Work,Shelter/Building,Medium Steel - Built up (90KG/M>Weight≥30KG/M),TON,0,0,0,0, , , , , , , , , , , , , , , , , , , , , , , , , , , , , , , , , , , , , , , , , , , , , , , , , , , , , , , , , , , , , , 
S01AA006,Main Steel Structure Fabrication Work,Shelter/Building,Light Steel - Built up (30KG/M>Weight),TON,0,0,0,0, , , , , , , , , , , , , , , , , , , , , , , , , , , , , , , , , , , , , , , , , , , , , , , , , , , , , , , , , , , , , , 
S01AA007,Main Steel Structure Fabrication Work,Shelter/Building,Girth & Purlin,TON,0,0,0,0, , , , , , , , , , , , , , , , , , , , , , , , , , , , , , , , , , , , , , , , , , , , , , , , , , , , , , , , , , , , , , 
S01AA008,Main Steel Structure Fabrication Work,Shelter/Building,P.E.B. (Pre-Engineered Building),TON,0,0,0,0, , , , , , , , , , , , , , , , , , , , , , , , , , , , , , , , , , , , , , , , , , , , , , , , , , , , , , , , , , , , , , 
S01AA009,Main Steel Structure Fabrication Work,Shelter/Building,Plates - Gusset, Stiffener, ETC,TON,0,0,0,0, , , , , , , , , , , , , , , , , , , , , , , , , , , , , , , , , , , , , , , , , , , , , , , , , , , , , , , , , , , , , , 
S01AA010,Main Steel Structure Fabrication Work,Shelter/Building,Steel Painting/Coating,M2,0,0,0,0, , , , , , , , , , , , , , , , , , , , , , , , , , , , , , , , , , , , , , , , , , , , , , , , , , , , , , , , , , , , , , 
S01AA011,Main Steel Structure Fabrication Work,Shelter/Building,High Strength Bolts&Nuts,TON,0,0,0,0, , , , , , , , , , , , , , , , , , , , , , , , , , , , , , , , , , , , , , , , , , , , , , , , , , , , , , , , , , , , , , 
S01AA012,Main Steel Structure Fabrication Work,Shelter/Building,Common Bolts&Nuts,TON,0,0,0,0, , , , , , , , , , , , , , , , , , , , , , , , , , , , , , , , , , , , , , , , , , , , , , , , , , , , , , , , , , , , , , 
S01AC001,Main Steel Structure Fabrication Work,Civil structure (for Piperack, Equipment etc.),Heavy Steel - Standard (Weight≥90KG/M),TON,0,0,0,0, , , , , , , , , , , , , , , , , , , , , , , , , , , , , , , , , , , , , , , , , , , , , , , , , , , , , , , , , , , , , , 
S01AC002,Main Steel Structure Fabrication Work,Civil structure (for Piperack, Equipment etc.),Medium Steel - Standard (90KG/M>Weight≥30KG/M),TON,0,0,0,0, , , , , , , , , , , , , , , , , , , , , , , , , , , , , , , , , , , , , , , , , , , , , , , , , , , , , , , , , , , , , , 
S01AC003,Main Steel Structure Fabrication Work,Civil structure (for Piperack, Equipment etc.),Light Steel - Standard (30KG/M>Weight),TON,0,0,0,0, , , , , , , , , , , , , , , , , , , , , , , , , , , , , , , , , , , , , , , , , , , , , , , , , , , , , , , , , , , , , , 
S01AC016,Main Steel Structure Fabrication Work,Civil structure (for Piperack, Equipment etc.),Structural Steel - Standard - Others,TON,0,0,0,0, , , , , , , , , , , , , , , , , , , , , , , , , , , , , , , , , , , , , , , , , , , , , , , , , , , , , , , , , , , , , , 
S01AC004,Main Steel Structure Fabrication Work,Civil structure (for Piperack, Equipment etc.),Heavy Steel - Built up (Weight≥90KG/M),TON,0,0,0,0, , , , , , , , , , , , , , , , , , , , , , , , , , , , , , , , , , , , , , , , , , , , , , , , , , , , , , , , , , , , , , 
S01AC005,Main Steel Structure Fabrication Work,Civil structure (for Piperack, Equipment etc.),Medium Steel - Built up (90KG/M>Weight≥30KG/M),TON,0,0,0,0, , , , , , , , , , , , , , , , , , , , , , , , , , , , , , , , , , , , , , , , , , , , , , , , , , , , , , , , , , , , , , 
S01AC006,Main Steel Structure Fabrication Work,Civil structure (for Piperack, Equipment etc.),Light Steel - Built up (30KG/M>Weight),TON,0,0,0,0, , , , , , , , , , , , , , , , , , , , , , , , , , , , , , , , , , , , , , , , , , , , , , , , , , , , , , , , , , , , , , 
S01AC013,Main Steel Structure Fabrication Work,Civil structure (for Piperack, Equipment etc.),Plate for Reinforcing/Modification/Supplement (Field install),TON,0,0,0,0, , , , , , , , , , , , , , , , , , , , , , , , , , , , , , , , , , , , , , , , , , , , , , , , , , , , , , , , , , , , , , 
S01AC009,Main Steel Structure Fabrication Work,Civil structure (for Piperack, Equipment etc.),Plates - Gusset, Stiffener, ETC,TON,0,0,0,0, , , , , , , , , , , , , , , , , , , , , , , , , , , , , , , , , , , , , , , , , , , , , , , , , , , , , , , , , , , , , , 
S01AC011,Main Steel Structure Fabrication Work,Civil structure (for Piperack, Equipment etc.),High Strength Bolts&Nuts,TON,0,0,0,0, , , , , , , , , , , , , , , , , , , , , , , , , , , , , , , , , , , , , , , , , , , , , , , , , , , , , , , , , , , , , , 
S01AC012,Main Steel Structure Fabrication Work,Civil structure (for Piperack, Equipment etc.),Common Bolts&Nuts,TON,0,0,0,0, , , , , , , , , , , , , , , , , , , , , , , , , , , , , , , , , , , , , , , , , , , , , , , , , , , , , , , , , , , , , , 
S01AC014,Main Steel Structure Fabrication Work,Civil structure (for Piperack, Equipment etc.),DTI Washer,TON,0,0,0,0, , , , , , , , , , , , , , , , , , , , , , , , , , , , , , , , , , , , , , , , , , , , , , , , , , , , , , , , , , , , , , 
S01AC010,Main Steel Structure Fabrication Work,Civil structure (for Piperack, Equipment etc.),Steel Painting/Coating,M2,0,0,0,0, , , , , , , , , , , , , , , , , , , , , , , , , , , , , , , , , , , , , , , , , , , , , , , , , , , , , , , , , , , , , , 
S02AA017,Miscellaneous Steel Fabrication Work,Shelter/Building,Checkered/Flooring Plate,M2,0,0,0,0, , , , , , , , , , , , , , , , , , , , , , , , , , , , , , , , , , , , , , , , , , , , , , , , , , , , , , , , , , , , , , 
S02AA018,Miscellaneous Steel Fabrication Work,Shelter/Building,Grating,M2,0,0,0,0, , , , , , , , , , , , , , , , , , , , , , , , , , , , , , , , , , , , , , , , , , , , , , , , , , , , , , , , , , , , , , 
S02AA019,Miscellaneous Steel Fabrication Work,Shelter/Building,Steel Stairs,M,0,0,0,0, , , , , , , , , , , , , , , , , , , , , , , , , , , , , , , , , , , , , , , , , , , , , , , , , , , , , , , , , , , , , , 
S02AA020,Miscellaneous Steel Fabrication Work,Shelter/Building,Steel Handrails,M,0,0,0,0, , , , , , , , , , , , , , , , , , , , , , , , , , , , , , , , , , , , , , , , , , , , , , , , , , , , , , , , , , , , , , 
S02AA021,Miscellaneous Steel Fabrication Work,Shelter/Building,Steel Handrails - Removable,M,0,0,0,0, , , , , , , , , , , , , , , , , , , , , , , , , , , , , , , , , , , , , , , , , , , , , , , , , , , , , , , , , , , , , , 
S02AA022,Miscellaneous Steel Fabrication Work,Shelter/Building,Stainless Steel Handrail,M,0,0,0,0, , , , , , , , , , , , , , , , , , , , , , , , , , , , , , , , , , , , , , , , , , , , , , , , , , , , , , , , , , , , , , 
S02AA023,Miscellaneous Steel Fabrication Work,Shelter/Building,Steel Ladder,M,0,0,0,0, , , , , , , , , , , , , , , , , , , , , , , , , , , , , , , , , , , , , , , , , , , , , , , , , , , , , , , , , , , , , , 
S02AA024,Miscellaneous Steel Fabrication Work,Shelter/Building,Galvanized Steel Deck Plate,M2,0,0,0,0, , , , , , , , , , , , , , , , , , , , , , , , , , , , , , , , , , , , , , , , , , , , , , , , , , , , , , , , , , , , , , 
S02AA025,Miscellaneous Steel Fabrication Work,Shelter/Building,Anchor Bolt (Straight Type),EA,0,0,0,0, , , , , , , , , , , , , , , , , , , , , , , , , , , , , , , , , , , , , , , , , , , , , , , , , , , , , , , , , , , , , , 
S02AC017,Miscellaneous Steel Fabrication Work,Civil structure (for Piperack, Equipment etc.),Checkered/Flooring Plate,M2,0,0,0,0, , , , , , , , , , , , , , , , , , , , , , , , , , , , , , , , , , , , , , , , , , , , , , , , , , , , , , , , , , , , , , 
S02AC018,Miscellaneous Steel Fabrication Work,Civil structure (for Piperack, Equipment etc.),Grating,M2,0,0,0,0, , , , , , , , , , , , , , , , , , , , , , , , , , , , , , , , , , , , , , , , , , , , , , , , , , , , , , , , , , , , , , 
S02AC019,Miscellaneous Steel Fabrication Work,Civil structure (for Piperack, Equipment etc.),Steel Stairs,M,0,0,0,0, , , , , , , , , , , , , , , , , , , , , , , , , , , , , , , , , , , , , , , , , , , , , , , , , , , , , , , , , , , , , , 
S02AC020,Miscellaneous Steel Fabrication Work,Civil structure (for Piperack, Equipment etc.),Steel Handrails,M,0,0,0,0, , , , , , , , , , , , , , , , , , , , , , , , , , , , , , , , , , , , , , , , , , , , , , , , , , , , , , , , , , , , , , 
S02AC021,Miscellaneous Steel Fabrication Work,Civil structure (for Piperack, Equipment etc.),Steel Handrails - Removable,M,0,0,0,0, , , , , , , , , , , , , , , , , , , , , , , , , , , , , , , , , , , , , , , , , , , , , , , , , , , , , , , , , , , , , , 
S02AC022,Miscellaneous Steel Fabrication Work,Civil structure (for Piperack, Equipment etc.),Stainless Steel Handrail,M,0,0,0,0, , , , , , , , , , , , , , , , , , , , , , , , , , , , , , , , , , , , , , , , , , , , , , , , , , , , , , , , , , , , , , 
S02AC023,Miscellaneous Steel Fabrication Work,Civil structure (for Piperack, Equipment etc.),Steel Ladder,M,0,0,0,0, , , , , , , , , , , , , , , , , , , , , , , , , , , , , , , , , , , , , , , , , , , , , , , , , , , , , , , , , , , , , , 
S02AC026,Miscellaneous Steel Fabrication Work,Civil structure (for Piperack, Equipment etc.),Safety Gate,EA,0,0,0,0, , , , , , , , , , , , , , , , , , , , , , , , , , , , , , , , , , , , , , , , , , , , , , , , , , , , , , , , , , , , , , 
S02AC024,Miscellaneous Steel Fabrication Work,Civil structure (for Piperack, Equipment etc.),Galvanized Steel Deck Plate,M2,0,0,0,0, , , , , , , , , , , , , , , , , , , , , , , , , , , , , , , , , , , , , , , , , , , , , , , , , , , , , , , , , , , , , , 
S02AC025,Miscellaneous Steel Fabrication Work,Civil structure (for Piperack, Equipment etc.),Anchor Bolt (Straight Type),EA,0,0,0,0, , , , , , , , , , , , , , , , , , , , , , , , , , , , , , , , , , , , , , , , , , , , , , , , , , , , , , , , , , , , , , 
S03AA027,Main Steel Structure Erection Work,Shelter/Building,Heavy Steel (Weight≥90KG/M),TON,0,0,0,0, , , , , , , , , , , , , , , , , , , , , , , , , , , , , , , , , , , , , , , , , , , , , , , , , , , , , , , , , , , , , , 
S03AA028,Main Steel Structure Erection Work,Shelter/Building,Medium Steel (90KG/M>Weight≥30KG/M),TON,0,0,0,0, , , , , , , , , , , , , , , , , , , , , , , , , , , , , , , , , , , , , , , , , , , , , , , , , , , , , , , , , , , , , , 
S03AA029,Main Steel Structure Erection Work,Shelter/Building,Light Steel (30KG/M>Weight),TON,0,0,0,0, , , , , , , , , , , , , , , , , , , , , , , , , , , , , , , , , , , , , , , , , , , , , , , , , , , , , , , , , , , , , , 
S03AA007,Main Steel Structure Erection Work,Shelter/Building,Girth & Purlin,TON,0,0,0,0, , , , , , , , , , , , , , , , , , , , , , , , , , , , , , , , , , , , , , , , , , , , , , , , , , , , , , , , , , , , , , 
S03AA008,Main Steel Structure Erection Work,Shelter/Building,P.E.B. (Pre-Engineered Building),TON,0,0,0,0, , , , , , , , , , , , , , , , , , , , , , , , , , , , , , , , , , , , , , , , , , , , , , , , , , , , , , , , , , , , , , 
S03AA030,Main Steel Structure Erection Work,Shelter/Building,Non-Shrink Cement Based Grout,M3,0,0,0,0, , , , , , , , , , , , , , , , , , , , , , , , , , , , , , , , , , , , , , , , , , , , , , , , , , , , , , , , , , , , , , 
S03AA031,Main Steel Structure Erection Work,Shelter/Building,Non-Shrink Epoxy Grout,M3,0,0,0,0, , , , , , , , , , , , , , , , , , , , , , , , , , , , , , , , , , , , , , , , , , , , , , , , , , , , , , , , , , , , , , 
S03AB027,Main Steel Structure Erection Work,Pipe Rack,Heavy Steel (Weight≥90KG/M),TON,0,0,0,0, , , , , , , , , , , , , , , , , , , , , , , , , , , , , , , , , , , , , , , , , , , , , , , , , , , , , , , , , , , , , , 
S03AB028,Main Steel Structure Erection Work,Pipe Rack,Medium Steel (90KG/M>Weight≥30KG/M),TON,0,0,0,0, , , , , , , , , , , , , , , , , , , , , , , , , , , , , , , , , , , , , , , , , , , , , , , , , , , , , , , , , , , , , , 
S03AB029,Main Steel Structure Erection Work,Pipe Rack,Light Steel (30KG/M>Weight),TON,0,0,0,0, , , , , , , , , , , , , , , , , , , , , , , , , , , , , , , , , , , , , , , , , , , , , , , , , , , , , , , , , , , , , , 
S03AB013,Main Steel Structure Erection Work,Pipe Rack,Plate for Reinforcing/Modification/Supplement (Field install),TON,0,0,0,0, , , , , , , , , , , , , , , , , , , , , , , , , , , , , , , , , , , , , , , , , , , , , , , , , , , , , , , , , , , , , , 
S03AD027,Main Steel Structure Erection Work,Equipment Structure (Civil structure except of Piperack),Heavy Steel (Weight≥90KG/M),TON,0,0,0,0, , , , , , , , , , , , , , , , , , , , , , , , , , , , , , , , , , , , , , , , , , , , , , , , , , , , , , , , , , , , , , 
S03AD028,Main Steel Structure Erection Work,Equipment Structure (Civil structure except of Piperack),Medium Steel (90KG/M>Weight≥30KG/M),TON,0,0,0,0, , , , , , , , , , , , , , , , , , , , , , , , , , , , , , , , , , , , , , , , , , , , , , , , , , , , , , , , , , , , , , 
S03AD029,Main Steel Structure Erection Work,Equipment Structure (Civil structure except of Piperack),Light Steel (30KG/M>Weight),TON,0,0,0,0, , , , , , , , , , , , , , , , , , , , , , , , , , , , , , , , , , , , , , , , , , , , , , , , , , , , , , , , , , , , , , 
S03AD013,Main Steel Structure Erection Work,Equipment Structure (Civil structure except of Piperack),Plate for Reinforcing/Modification/Supplement (Field install),TON,0,0,0,0, , , , , , , , , , , , , , , , , , , , , , , , , , , , , , , , , , , , , , , , , , , , , , , , , , , , , , , , , , , , , , 
S03AE015,Main Steel Structure Erection Work,Structural Steel,Steel Painting,M2,0,0,0,0, , , , , , , , , , , , , , , , , , , , , , , , , , , , , , , , , , , , , , , , , , , , , , , , , , , , , , , , , , , , , , 
S04AA017,Miscellaneous Steel Erection Work,Shelter/Building,Checkered/Flooring Plate,M2,0,0,0,0, , , , , , , , , , , , , , , , , , , , , , , , , , , , , , , , , , , , , , , , , , , , , , , , , , , , , , , , , , , , , , 
S04AA018,Miscellaneous Steel Erection Work,Shelter/Building,Grating,M2,0,0,0,0, , , , , , , , , , , , , , , , , , , , , , , , , , , , , , , , , , , , , , , , , , , , , , , , , , , , , , , , , , , , , , 
S04AA019,Miscellaneous Steel Erection Work,Shelter/Building,Steel Stairs,M,0,0,0,0, , , , , , , , , , , , , , , , , , , , , , , , , , , , , , , , , , , , , , , , , , , , , , , , , , , , , , , , , , , , , , 
S04AA020,Miscellaneous Steel Erection Work,Shelter/Building,Steel Handrails,M,0,0,0,0, , , , , , , , , , , , , , , , , , , , , , , , , , , , , , , , , , , , , , , , , , , , , , , , , , , , , , , , , , , , , , 
S04AA021,Miscellaneous Steel Erection Work,Shelter/Building,Steel Handrails - Removable,M,0,0,0,0, , , , , , , , , , , , , , , , , , , , , , , , , , , , , , , , , , , , , , , , , , , , , , , , , , , , , , , , , , , , , , 
S04AA022,Miscellaneous Steel Erection Work,Shelter/Building,Stainless Steel Handrail,M,0,0,0,0, , , , , , , , , , , , , , , , , , , , , , , , , , , , , , , , , , , , , , , , , , , , , , , , , , , , , , , , , , , , , , 
S04AA023,Miscellaneous Steel Erection Work,Shelter/Building,Steel Ladder,M,0,0,0,0, , , , , , , , , , , , , , , , , , , , , , , , , , , , , , , , , , , , , , , , , , , , , , , , , , , , , , , , , , , , , , 
S04AA024,Miscellaneous Steel Erection Work,Shelter/Building,Galvanized Steel Deck Plate,M2,0,0,0,0, , , , , , , , , , , , , , , , , , , , , , , , , , , , , , , , , , , , , , , , , , , , , , , , , , , , , , , , , , , , , , 
S04AB017,Miscellaneous Steel Erection Work,Pipe Rack,Checkered/Flooring Plate,M2,0,0,0,0, , , , , , , , , , , , , , , , , , , , , , , , , , , , , , , , , , , , , , , , , , , , , , , , , , , , , , , , , , , , , , 
S04AB018,Miscellaneous Steel Erection Work,Pipe Rack,Grating,M2,0,0,0,0, , , , , , , , , , , , , , , , , , , , , , , , , , , , , , , , , , , , , , , , , , , , , , , , , , , , , , , , , , , , , , 
S04AB019,Miscellaneous Steel Erection Work,Pipe Rack,Steel Stairs,M,0,0,0,0, , , , , , , , , , , , , , , , , , , , , , , , , , , , , , , , , , , , , , , , , , , , , , , , , , , , , , , , , , , , , , 
S04AB020,Miscellaneous Steel Erection Work,Pipe Rack,Steel Handrails,M,0,0,0,0, , , , , , , , , , , , , , , , , , , , , , , , , , , , , , , , , , , , , , , , , , , , , , , , , , , , , , , , , , , , , , 
S04AB021,Miscellaneous Steel Erection Work,Pipe Rack,Steel Handrails - Removable,M,0,0,0,0, , , , , , , , , , , , , , , , , , , , , , , , , , , , , , , , , , , , , , , , , , , , , , , , , , , , , , , , , , , , , , 
S04AB022,Miscellaneous Steel Erection Work,Pipe Rack,Stainless Steel Handrail,M,0,0,0,0, , , , , , , , , , , , , , , , , , , , , , , , , , , , , , , , , , , , , , , , , , , , , , , , , , , , , , , , , , , , , , 
S04AB023,Miscellaneous Steel Erection Work,Pipe Rack,Steel Ladder,M,0,0,0,0, , , , , , , , , , , , , , , , , , , , , , , , , , , , , , , , , , , , , , , , , , , , , , , , , , , , , , , , , , , , , , 
S04AB026,Miscellaneous Steel Erection Work,Pipe Rack,Safety Gate,EA,0,0,0,0, , , , , , , , , , , , , , , , , , , , , , , , , , , , , , , , , , , , , , , , , , , , , , , , , , , , , , , , , , , , , , 
S04AB024,Miscellaneous Steel Erection Work,Pipe Rack,Galvanized Steel Deck Plate,M2,0,0,0,0, , , , , , , , , , , , , , , , , , , , , , , , , , , , , , , , , , , , , , , , , , , , , , , , , , , , , , , , , , , , , , 
S04AD017,Miscellaneous Steel Erection Work,Equipment Structure (Civil structure except of Piperack),Checkered/Flooring Plate,M2,0,0,0,0, , , , , , , , , , , , , , , , , , , , , , , , , , , , , , , , , , , , , , , , , , , , , , , , , , , , , , , , , , , , , , 
S04AD018,Miscellaneous Steel Erection Work,Equipment Structure (Civil structure except of Piperack),Grating,M2,0,0,0,0, , , , , , , , , , , , , , , , , , , , , , , , , , , , , , , , , , , , , , , , , , , , , , , , , , , , , , , , , , , , , , 
S04AD019,Miscellaneous Steel Erection Work,Equipment Structure (Civil structure except of Piperack),Steel Stairs,M,0,0,0,0, , , , , , , , , , , , , , , , , , , , , , , , , , , , , , , , , , , , , , , , , , , , , , , , , , , , , , , , , , , , , , 
S04AD020,Miscellaneous Steel Erection Work,Equipment Structure (Civil structure except of Piperack),Steel Handrails,M,0,0,0,0, , , , , , , , , , , , , , , , , , , , , , , , , , , , , , , , , , , , , , , , , , , , , , , , , , , , , , , , , , , , , , 
S04AD021,Miscellaneous Steel Erection Work,Equipment Structure (Civil structure except of Piperack),Steel Handrails - Removable,M,0,0,0,0, , , , , , , , , , , , , , , , , , , , , , , , , , , , , , , , , , , , , , , , , , , , , , , , , , , , , , , , , , , , , , 
S04AD022,Miscellaneous Steel Erection Work,Equipment Structure (Civil structure except of Piperack),Stainless Steel Handrail,M,0,0,0,0, , , , , , , , , , , , , , , , , , , , , , , , , , , , , , , , , , , , , , , , , , , , , , , , , , , , , , , , , , , , , , 
S04AD023,Miscellaneous Steel Erection Work,Equipment Structure (Civil structure except of Piperack),Steel Ladder,M,0,0,0,0, , , , , , , , , , , , , , , , , , , , , , , , , , , , , , , , , , , , , , , , , , , , , , , , , , , , , , , , , , , , , , 
S04AD026,Miscellaneous Steel Erection Work,Equipment Structure (Civil structure except of Piperack),Safety Gate,EA,0,0,0,0, , , , , , , , , , , , , , , , , , , , , , , , , , , , , , , , , , , , , , , , , , , , , , , , , , , , , , , , , , , , , , 
S04AD024,Miscellaneous Steel Erection Work,Equipment Structure (Civil structure except of Piperack),Galvanized Steel Deck Plate,M2,0,0,0,0, , , , , , , , , , , , , , , , , , , , , , , , , , , , , , , , , , , , , , , , , , , , , , , , , , , , , , , , , , , , , , 
S04AE015,Miscellaneous Steel Erection Work,Structural Steel,Steel Painting,M2,0,0,0,0, , , , , , , , , , , , , , , , , , , , , , , , , , , , , , , , , , , , , , , , , , , , , , , , , , , , , , , , , , , , , , 
S05AF032,Demolition work,Revamping Work (Shelter/Building),Demolition Work of Steel for Building/Shelter,TON,0,0,0,0, , , , , , , , , , , , , , , , , , , , , , , , , , , , , , , , , , , , , , , , , , , , , , , , , , , , , , , , , , , , , , 
S05AG033,Demolition work,Demolition work,Structural Steel for Piperack/ Equipment structure etc. (Civil),TON,0,0,0,0, , , , , , , , , , , , , , , , , , , , , , , , , , , , , , , , , , , , , , , , , , , , , , , , , , , , , , , , , , , , , , 
S05AG034,Demolition work,Demolition work,Miscellaneous Steel for Piperack/ Equipment structure etc. (Civil),TON,0,0,0,0, , , , , , , , , , , , , , , , , , , , , , , , , , , , , , , , , , , , , , , , , , , , , , , , , , , , , , , , , , , , , , 
0,0,0,0, ,0,0,0, , , , , , , , , , , , , , , , , , , , , , , , , , , , , , , , , , , , , , , , , , , , , , , , , , , , , , , , , , , , , , , 
F01AA000,Building/Shelter Fire Proofing Work,Dense Concrete,null,M3,0,0,0,0, , , , , , , , , , , , , , , , , , , , , , , , , , , , , , , , , , , , , , , , , , , , , , , , , , , , , , , , , , , , , , 
F01AB000,Building/Shelter Fire Proofing Work,Lightweight Cementitious,null,M2,0,0,0,0, , , , , , , , , , , , , , , , , , , , , , , , , , , , , , , , , , , , , , , , , , , , , , , , , , , , , , , , , , , , , , 
F01AC000,Building/Shelter Fire Proofing Work,Intumescent Coating Type,null,M2,0,0,0,0, , , , , , , , , , , , , , , , , , , , , , , , , , , , , , , , , , , , , , , , , , , , , , , , , , , , , , , , , , , , , , 
F01AD000,Building/Shelter Fire Proofing Work,Top Coat for Cementitious Fire Proofing,null,M2,0,0,0,0, , , , , , , , , , , , , , , , , , , , , , , , , , , , , , , , , , , , , , , , , , , , , , , , , , , , , , , , , , , , , , 
F02AA000,Pipe Rack/Equipment Steel Structure Fire Proofing Work,Dense Concrete,null,M3,0,0,0,0, , , , , , , , , , , , , , , , , , , , , , , , , , , , , , , , , , , , , , , , , , , , , , , , , , , , , , , , , , , , , , 
F02AB000,Pipe Rack/Equipment Steel Structure Fire Proofing Work,Lightweight Cementitious,null,M2,0,0,0,0, , , , , , , , , , , , , , , , , , , , , , , , , , , , , , , , , , , , , , , , , , , , , , , , , , , , , , , , , , , , , , 
F02AC000,Pipe Rack/Equipment Steel Structure Fire Proofing Work,Intumescent Coating Type,null,M2,0,0,0,0, , , , , , , , , , , , , , , , , , , , , , , , , , , , , , , , , , , , , , , , , , , , , , , , , , , , , , , , , , , , , , 
F02AD000,Pipe Rack/Equipment Steel Structure Fire Proofing Work,Top Coat for Cementitious Fire Proofing,null,M2,0,0,0,0, , , , , , , , , , , , , , , , , , , , , , , , , , , , , , , , , , , , , , , , , , , , , , , , , , , , , , , , , , , , , , 
F03AA000,Equipment Fire Proofing Work,Dense Concrete,null,M3,0,0,0,0, , , , , , , , , , , , , , , , , , , , , , , , , , , , , , , , , , , , , , , , , , , , , , , , , , , , , , , , , , , , , , 
F03AB000,Equipment Fire Proofing Work,Lightweight Cementitious,null,M2,0,0,0,0, , , , , , , , , , , , , , , , , , , , , , , , , , , , , , , , , , , , , , , , , , , , , , , , , , , , , , , , , , , , , , 
F03AE000,Equipment Fire Proofing Work,Epoxy Based Intumescent Coating Type,null,M2,0,0,0,0, , , , , , , , , , , , , , , , , , , , , , , , , , , , , , , , , , , , , , , , , , , , , , , , , , , , , , , , , , , , , , 
F03AD000,Equipment Fire Proofing Work,Top Coat for Cementitious Fire Proofing,null,M2,0,0,0,0, , , , , , , , , , , , , , , , , , , , , , , , , , , , , , , , , , , , , , , , , , , , , , , , , , , , , , , , , , , , , , 
 , , , , , , , , , , , , , , , , , , , , , , , , , , , , , , , , , , , , , , , , , , , , , , , , , , , , , , , , , , , , , , , , , , , , , , 
 , , , , , , , , , , , , , , , , , , , , , , , , , , , , , , , , , , , , , , , , , , , , , , , , , , , , , , , , , , , , , , , , , , , , , , 
426, , , , ,0,0,15, , , , , , , , , , , , , , , , , , , , , , , , , , , , , , , , , , , , , , , , , , , , , , , , , , , , , , , , , , , , , , , 
